{
  "120363404130018043@g.us": {
    "namegrup": "▫️HENNESSY FAMILIA ▫️",
    "expired": 1760581554809,
    "start": "17 August 2025"
  },
  "120363403481018363@g.us": {
    "namegrup": "744 CHAOS GC UTAMA ",
    "expired": 1764325050453,
    "start": "30 August 2025"
  },
  "120363404069803269@g.us": {
    "namegrup": "GC SELEKSI 𝐂𝐇𝐀𝐎𝐒 𝐇𝐎𝐖𝐋",
    "expired": 1764331135009,
    "start": "30 August 2025"
  },
  "120363420831813801@g.us": {
    "namegrup": "GC BOT + HD",
    "expired": 1764331145963,
    "start": "30 August 2025"
  }
}