{
  "120363316488823681@g.us": [
    {
      "text": "〽️ WELCOME NJING\n👋🏻 `@NAME`\n\nJANGAN LUPA BACA RULES DI DESC GRUP\n\n━━『 *YUDZXML STORE 77* 』\n\n `YUDZXML STORE MENYEDIAKAN BERBAGAI KEBUTUHAN PRODUK YAITU :`\n\n *• PANEL BOT* \n *• SEWA BOT*\n *• JADI BOT*\n *• RESELLER PANEL*\n *• SSH PREMIUM*\n *• CONFIG PREMIUM*\n *• APK PREMIUM*\n *• JASA UNBAN*\n *• JASA INSTALL PANEL*\n\n_YUDZXML STORE 77_\n━━━━━━━━━━━━━━━━━━",
      "status": "off"
    }
  ],
  "120363315618102700@g.us": [
    {
      "text": "*〽️ SELAMAT DATANG KAK*\n`👋🏻 @NAME`\n\n*`PATUHI RULES DI DESKRIPSI GRUP❗`*\n\n*〽️ YUDZXML STORE 77*\n💫 WEBSITE\n_https://yudzxmlstore77.x-server.my.id_\n\n* `OPEN SEWA BOT`\n* `OPEN JADI BOT`\n* `OPEN RESELLER PANEL`\n* `PANEL PYTREODYLT` \n\nKETIK *_.allmenu_* UNTUK MENAMPILKAN LIST ALL FITUR BOT\n\n@GROUP",
      "status": "on"
    }
  ],
  "120363314565003342@g.us": [
    {
      "text": "*〽️SELAMAT DATANG*\n`👋🏻@NAME`\n*〽️RULES :*\n* NO PROMOSI\n* NO JOMOK \n* NO MALING MEM\n* NO SHARE LINK PHISING\n* NO SHARE LINK GRUP\n* NO BOT \n*MELANGGAR AUTO KICK*\n\n*❗KETIK .list UNTUK MENAMPILKAN LIST PRODUK ADMIN ❗*\n\n*〽️X7 STORE*",
      "status": "on"
    }
  ],
  "120363336666934987@g.us": [
    {
      "text": "*〽️ WELCOME KIDZ*\n`👋🏻@NAME`\n\n*〽️RULES :*\n* NO RASIS\n* NO PROMOSI\n* NO CULIK MEM\n* NO JOMOK\n* NO SHARE 18+\n\n*❗JANGAN LUPA ORDER DI X7 STORE ❗*",
      "status": "on"
    }
  ],
  "120363400599514453@g.us": [
    {
      "text": "WELCOME KAK\n💫 HAI KAK @6285960204996 , SELAMAT DATANG KE @FC BARCELONA FOREVER🇲🇨",
      "status": "on"
    }
  ],
  "120363404130018043@g.us": [
    {
      "text": "❄️¦× WELCOME TO HENNESSY FAMILIA ×¦❄️\n\n🪪¦× Nama :\n🔞¦× Umur :\n📌¦× Askot :\n👁️‍🗨️¦× Gender :\n\n\n◾¦× Discord Hennessy : https://discord.gg/m4KhmfSs\n\n\n🀄¦ ENJOY AND HAVE FUN IN HENNESSY ¦🀄",
      "status": "on"
    }
  ],
  "120363419770913098@g.us": [
    {
      "text": "*〽️ SELAMAT DATANG KAK*\n`👋🏻 @NAME`\n\n*`PATUHI RULES DI DESKRIPSI GRUP❗`*\n\n*〽️ YUDZXML STORE 77*\n💫 WEBSITE\n_https://yudzxmlstore77.x-server.my.id_\n\n* `OPEN SEWA BOT`\n* `OPEN JADI BOT`\n* `OPEN RESELLER PANEL`\n* `PANEL PYTREODYLT` \n\nKETIK *_.allmenu_* UNTUK MENAMPILKAN LIST ALL FITUR BOT\n\n@GROUP",
      "status": "on"
    }
  ],
  "120363403481018363@g.us": [
    {
      "text": "*WELCOME TO SQUAD*\n 𝟕𝟎𝟐 𝐇𝐎𝐖𝐋 𝐁𝐋𝐀𝐃𝐄\n\n@NAME\n\n────────୨ৎ────────\n\nɴᴀᴍᴀ:\nᴜᴍᴜʀ:\nᴀꜱᴋᴏᴛ:\nɢᴇɴᴅᴇʀ:\nᴅɪᴠɪꜱɪ:\n\n*LINK TIKTOK*:\n\n\n────────୨ৎ────────\n\n*WAJIB INTRO PAKAI FOTO SELFIE/PAP MUKA KALIAN !!*\n*SEMOGA BETAH YA*",
      "status": "on"
    }
  ],
  "120363404069803269@g.us": [
    {
      "text": "*WELCOME TO GC SELEKSI*\n 𝟕𝟎𝟐 𝐇𝐎𝐖𝐋 𝐁𝐋𝐀𝐃𝐄\n\n@NAME\n\n────────୨ৎ────────\n\nɴᴀᴍᴀ:\nᴜᴍᴜʀ:\nᴀꜱᴋᴏᴛ:\nɢᴇɴᴅᴇʀ:\n\n\nbio tt: 𝐏𝐀𝐑𝐓 𝐎𝐅 𝐇𝐨𝐰𝐥‘ 𝐂𝐫𝐞𝐚𝐭𝐨𝐫\ncn sq: 𝟕𝟎𝟐 nickname/𝐇𝐨𝐰𝐥‘ nickname \n*WAJIB PAKAI HASTAG*\n#702howlblade\n#howlblade\n\n\n*LINK TIKTOK*:\nhttps://www.tiktok.com/@ofc.howlblade?_t=ZS-8zK39Fhzt6T&_r=1\n\n────────୨ৎ────────\n\n*WAJIB PAKAI FOTO SELFIE/PAP MUKA KALIAN !!*\n*FORMAT DIKIRIM DENGAN CARA SS LALU DI GRID 4 (AKUN ML, AKUN TT KALIAN, BUKTI FOLLOW TT OFC HOWL, FOTO/PAP MUKA KALIAN*",
      "status": "on"
    }
  ],
  "120363418971054612@g.us": [
    {
      "text": "WELCOME KAK @NAME",
      "status": "on"
    }
  ]
}