{
  "users": {},
  "chats": {
    "120363315618102700@g.us": {
      "autodownload": true,
      "antilinkwav2": false,
      "antilinkwa": true
    },
    "120363314684271584@g.us": {
      "antitagsw": true
    },
    "120363418581367354@g.us": {
      "antitagswv1": true,
      "autodownload": true
    },
    "120363403210100589@g.us": {
      "antilinkwa": true,
      "autodownload": true
    },
    "120363418971054612@g.us": {
      "antilink": false,
      "autodownload": false
    },
    "120363404130018043@g.us": {
      "antilink": false
    },
    "120363419770913098@g.us": {
      "autodownload": true,
      "antilinkwa": true
    }
  },
  "database": {},
  "groups": {},
  "game": {},
  "settings": {},
  "others": {},
  "sticker": {}
}