{
  "6283872031397@s.whatsapp.net": {
    "limit": 30,
    "money": 0,
    "level_user": 1,
    "level_cache": 33
  },
  "6283869995788@s.whatsapp.net": {
    "limit": 30,
    "money": 0,
    "level_user": 1,
    "level_cache": 1
  },
  "6281312897208@s.whatsapp.net": {
    "limit": 30,
    "money": 0,
    "level_user": 1,
    "level_cache": 29
  },
  "6283827538611@s.whatsapp.net": {
    "limit": 30,
    "money": 0,
    "level_user": 1,
    "level_cache": 14
  },
  "27678866194@s.whatsapp.net": {
    "limit": 30,
    "money": 0,
    "level_user": 1,
    "level_cache": 2
  },
  "6283873875438@s.whatsapp.net": {
    "limit": 30,
    "money": 0,
    "level_user": 1,
    "level_cache": 2
  },
  "6287823199260@s.whatsapp.net": {
    "limit": 30,
    "money": 0,
    "level_user": 1,
    "level_cache": 37
  },
  "6283140700031@s.whatsapp.net": {
    "limit": 30,
    "money": 0,
    "level_user": 1,
    "level_cache": 11
  },
  "639306040263@s.whatsapp.net": {
    "limit": 30,
    "money": 0,
    "level_user": 1,
    "level_cache": 3
  },
  "6282325766288@s.whatsapp.net": {
    "limit": 30,
    "money": 0,
    "level_user": 1,
    "level_cache": 3
  },
  "6283897776820@s.whatsapp.net": {
    "limit": 30,
    "money": 0,
    "level_user": 1,
    "level_cache": 1
  },
  "6281367218201@s.whatsapp.net": {
    "limit": 30,
    "money": 0,
    "level_user": 1,
    "level_cache": 2
  },
  "6287789038452@s.whatsapp.net": {
    "limit": 30,
    "money": 0,
    "level_user": 1,
    "level_cache": 1
  },
  "628817861263@s.whatsapp.net": {
    "limit": 30,
    "money": 0,
    "level_user": 1,
    "level_cache": 1
  },
  "6283896040350@s.whatsapp.net": {
    "limit": 30,
    "money": 0,
    "level_user": 1,
    "level_cache": 71
  },
  "6281278827651@s.whatsapp.net": {
    "limit": 30,
    "money": 0,
    "level_user": 1,
    "level_cache": 2
  },
  "6281929719695@s.whatsapp.net": {
    "limit": 30,
    "money": 0,
    "level_user": 1,
    "level_cache": 3
  },
  "6287853913756@s.whatsapp.net": {
    "limit": 30,
    "money": 0,
    "level_user": 1,
    "level_cache": 5
  },
  "212615425830@s.whatsapp.net": {
    "limit": 30,
    "money": 0,
    "level_user": 1,
    "level_cache": 4
  },
  "6285191083675@s.whatsapp.net": {
    "limit": 30,
    "money": 0,
    "level_user": 1,
    "level_cache": 11
  },
  "6283861226721@s.whatsapp.net": {
    "limit": 30,
    "money": 0,
    "level_user": 1,
    "level_cache": 1
  },
  "6283189405006@s.whatsapp.net": {
    "limit": 30,
    "money": 0,
    "level_user": 1,
    "level_cache": 91
  },
  "6285930331417@s.whatsapp.net": {
    "limit": 30,
    "money": 0,
    "level_user": 1,
    "level_cache": 1
  }
}