{
  "120363404130018043@g.us17-08-2025": [
    {
      "user_id": "243314662105152@lid",
      "tanggal": "17-08-2025"
    },
    {
      "user_id": "153154909917420@lid",
      "tanggal": "17-08-2025"
    },
    {
      "user_id": "210411085422734@lid",
      "tanggal": "17-08-2025"
    },
    {
      "user_id": "276553447555298@lid",
      "tanggal": "17-08-2025"
    },
    {
      "user_id": "240543988744251@lid",
      "tanggal": "17-08-2025"
    },
    {
      "user_id": "24971325739056@lid",
      "tanggal": "17-08-2025"
    },
    {
      "user_id": "58428785475591@lid",
      "tanggal": "17-08-2025"
    },
    {
      "user_id": "80007221252113@lid",
      "tanggal": "17-08-2025"
    },
    {
      "user_id": "91461949337619@lid",
      "tanggal": "17-08-2025"
    },
    {
      "user_id": "267851491467382@lid",
      "tanggal": "17-08-2025"
    },
    {
      "user_id": "243825377304737@lid",
      "tanggal": "17-08-2025"
    },
    {
      "user_id": "219494303695096@lid",
      "tanggal": "17-08-2025"
    },
    {
      "user_id": "242523918315589@lid",
      "tanggal": "17-08-2025"
    },
    {
      "user_id": "45531552342209@lid",
      "tanggal": "17-08-2025"
    },
    {
      "user_id": "167109090910293@lid",
      "tanggal": "17-08-2025"
    },
    {
      "user_id": "91826602151945@lid",
      "tanggal": "17-08-2025"
    },
    {
      "user_id": "194979200798747@lid",
      "tanggal": "17-08-2025"
    },
    {
      "user_id": "158665302638630@lid",
      "tanggal": "17-08-2025"
    },
    {
      "user_id": "272898094854355@lid",
      "tanggal": "17-08-2025"
    },
    {
      "user_id": "19696904601853@lid",
      "tanggal": "17-08-2025"
    },
    {
      "user_id": "183747710320886@lid",
      "tanggal": "17-08-2025"
    },
    {
      "user_id": "260859335049332@lid",
      "tanggal": "17-08-2025"
    },
    {
      "user_id": "24176924614881@lid",
      "tanggal": "17-08-2025"
    },
    {
      "user_id": "261108510289942@lid",
      "tanggal": "17-08-2025"
    },
    {
      "user_id": "66847038787802@lid",
      "tanggal": "17-08-2025"
    },
    {
      "user_id": "11622600937592@lid",
      "tanggal": "17-08-2025"
    },
    {
      "user_id": "153270471385152@lid",
      "tanggal": "17-08-2025"
    },
    {
      "user_id": "91285738229773@lid",
      "tanggal": "17-08-2025"
    },
    {
      "user_id": "201069380559006@lid",
      "tanggal": "17-08-2025"
    },
    {
      "user_id": "108117648011367@lid",
      "tanggal": "17-08-2025"
    },
    {
      "user_id": "92539583492185@lid",
      "tanggal": "17-08-2025"
    },
    {
      "user_id": "42155372482674@lid",
      "tanggal": "17-08-2025"
    },
    {
      "user_id": "106841975611458@lid",
      "tanggal": "17-08-2025"
    },
    {
      "user_id": "267408975655079@lid",
      "tanggal": "17-08-2025"
    },
    {
      "user_id": "190868447309898@lid",
      "tanggal": "17-08-2025"
    },
    {
      "user_id": "115724169269324@lid",
      "tanggal": "17-08-2025"
    },
    {
      "user_id": "249159827374090@lid",
      "tanggal": "17-08-2025"
    },
    {
      "user_id": "244589831127237@lid",
      "tanggal": "17-08-2025"
    },
    {
      "user_id": "223407169913079@lid",
      "tanggal": "17-08-2025"
    },
    {
      "user_id": "182154495541415@lid",
      "tanggal": "17-08-2025"
    },
    {
      "user_id": "53412699889689@lid",
      "tanggal": "17-08-2025"
    },
    {
      "user_id": "123983206867052@lid",
      "tanggal": "17-08-2025"
    },
    {
      "user_id": "224188853964986@lid",
      "tanggal": "17-08-2025"
    },
    {
      "user_id": "17725934071996@lid",
      "tanggal": "17-08-2025"
    },
    {
      "user_id": "267297423892552@lid",
      "tanggal": "17-08-2025"
    },
    {
      "user_id": "21625697251479@lid",
      "tanggal": "17-08-2025"
    },
    {
      "user_id": "63660558934077@lid",
      "tanggal": "17-08-2025"
    },
    {
      "user_id": "75969515761906@lid",
      "tanggal": "17-08-2025"
    },
    {
      "user_id": "208504086364211@lid",
      "tanggal": "17-08-2025"
    },
    {
      "user_id": "130404099043548@lid",
      "tanggal": "17-08-2025"
    },
    {
      "user_id": "135588174901440@lid",
      "tanggal": "17-08-2025"
    },
    {
      "user_id": "226722750460018@lid",
      "tanggal": "17-08-2025"
    },
    {
      "user_id": "57570446287088@lid",
      "tanggal": "17-08-2025"
    },
    {
      "user_id": "231954641358951@lid",
      "tanggal": "17-08-2025"
    },
    {
      "user_id": "100906146259098@lid",
      "tanggal": "17-08-2025"
    },
    {
      "user_id": "264110709190901@lid",
      "tanggal": "17-08-2025"
    },
    {
      "user_id": "52334310740073@lid",
      "tanggal": "17-08-2025"
    },
    {
      "user_id": "127320144752640@lid",
      "tanggal": "17-08-2025"
    },
    {
      "user_id": "273301804974143@lid",
      "tanggal": "17-08-2025"
    },
    {
      "user_id": "199441655009355@lid",
      "tanggal": "17-08-2025"
    },
    {
      "user_id": "75806424465647@lid",
      "tanggal": "17-08-2025"
    },
    {
      "user_id": "88884398571665@lid",
      "tanggal": "17-08-2025"
    },
    {
      "user_id": "8504739942653@lid",
      "tanggal": "17-08-2025"
    },
    {
      "user_id": "24820632842331@lid",
      "tanggal": "17-08-2025"
    }
  ],
  "120363404130018043@g.us18-08-2025": [
    {
      "user_id": "118129401266225@lid",
      "tanggal": "18-08-2025"
    },
    {
      "user_id": "246411467714809@lid",
      "tanggal": "18-08-2025"
    },
    {
      "user_id": "273301804974143@lid",
      "tanggal": "18-08-2025"
    },
    {
      "user_id": "11622600937592@lid",
      "tanggal": "18-08-2025"
    },
    {
      "user_id": "57570446287088@lid",
      "tanggal": "18-08-2025"
    },
    {
      "user_id": "91461949337619@lid",
      "tanggal": "18-08-2025"
    }
  ],
  "120363404130018043@g.us19-08-2025": [
    {
      "user_id": "91461949337619@lid",
      "tanggal": "19-08-2025"
    },
    {
      "user_id": "265193359716596@lid",
      "tanggal": "19-08-2025"
    },
    {
      "user_id": "261108510289942@lid",
      "tanggal": "19-08-2025"
    },
    {
      "user_id": "57570446287088@lid",
      "tanggal": "19-08-2025"
    }
  ],
  "120363404130018043@g.us20-08-2025": [
    {
      "user_id": "91461949337619@lid",
      "tanggal": "20-08-2025"
    },
    {
      "user_id": "24971325739056@lid",
      "tanggal": "20-08-2025"
    },
    {
      "user_id": "265193359716596@lid",
      "tanggal": "20-08-2025"
    },
    {
      "user_id": "223407169913079@lid",
      "tanggal": "20-08-2025"
    },
    {
      "user_id": "45531552342209@lid",
      "tanggal": "20-08-2025"
    },
    {
      "user_id": "182154495541415@lid",
      "tanggal": "20-08-2025"
    },
    {
      "user_id": "273301804974143@lid",
      "tanggal": "20-08-2025"
    }
  ],
  "120363404130018043@g.us21-08-2025": [
    {
      "user_id": "91461949337619@lid",
      "tanggal": "21-08-2025"
    },
    {
      "user_id": "210411085422734@lid",
      "tanggal": "21-08-2025"
    },
    {
      "user_id": "223407169913079@lid",
      "tanggal": "21-08-2025"
    },
    {
      "user_id": "88884398571665@lid",
      "tanggal": "21-08-2025"
    }
  ],
  "120363404130018043@g.us22-08-2025": [
    {
      "user_id": "91461949337619@lid",
      "tanggal": "22-08-2025"
    }
  ],
  "120363404130018043@g.us25-08-2025": [
    {
      "user_id": "219494303695096@lid",
      "tanggal": "25-08-2025"
    },
    {
      "user_id": "45531552342209@lid",
      "tanggal": "25-08-2025"
    }
  ],
  "120363404130018043@g.us26-08-2025": [
    {
      "user_id": "265193359716596@lid",
      "tanggal": "26-08-2025"
    },
    {
      "user_id": "158665302638630@lid",
      "tanggal": "26-08-2025"
    },
    {
      "user_id": "24971325739056@lid",
      "tanggal": "26-08-2025"
    },
    {
      "user_id": "178593497907394@lid",
      "tanggal": "26-08-2025"
    },
    {
      "user_id": "240325465534656@lid",
      "tanggal": "26-08-2025"
    },
    {
      "user_id": "210411085422734@lid",
      "tanggal": "26-08-2025"
    },
    {
      "user_id": "182154495541415@lid",
      "tanggal": "26-08-2025"
    },
    {
      "user_id": "24499131002920@lid",
      "tanggal": "26-08-2025"
    },
    {
      "user_id": "2779179397347@lid",
      "tanggal": "26-08-2025"
    },
    {
      "user_id": "219494303695096@lid",
      "tanggal": "26-08-2025"
    },
    {
      "user_id": "273301804974143@lid",
      "tanggal": "26-08-2025"
    },
    {
      "user_id": "267408975655079@lid",
      "tanggal": "26-08-2025"
    },
    {
      "user_id": "127320144752640@lid",
      "tanggal": "26-08-2025"
    },
    {
      "user_id": "190868447309898@lid",
      "tanggal": "26-08-2025"
    },
    {
      "user_id": "42155372482674@lid",
      "tanggal": "26-08-2025"
    }
  ],
  "120363404130018043@g.us27-08-2025": [
    {
      "user_id": "178593497907394@lid",
      "tanggal": "27-08-2025"
    },
    {
      "user_id": "45531552342209@lid",
      "tanggal": "27-08-2025"
    },
    {
      "user_id": "219494303695096@lid",
      "tanggal": "27-08-2025"
    },
    {
      "user_id": "24971325739056@lid",
      "tanggal": "27-08-2025"
    },
    {
      "user_id": "57570446287088@lid",
      "tanggal": "27-08-2025"
    }
  ],
  "120363404130018043@g.us28-08-2025": [
    {
      "user_id": "178593497907394@lid",
      "tanggal": "28-08-2025"
    }
  ],
  "120363404130018043@g.us29-08-2025": [
    {
      "user_id": "273301804974143@lid",
      "tanggal": "29-08-2025"
    }
  ],
  "120363418971054612@g.us30-08-2025": [
    {
      "user_id": "46407608180759@lid",
      "tanggal": "30-08-2025"
    }
  ],
  "120363404130018043@g.us31-08-2025": [
    {
      "user_id": "273301804974143@lid",
      "tanggal": "31-08-2025"
    },
    {
      "user_id": "11386042228846@lid",
      "tanggal": "31-08-2025"
    },
    {
      "user_id": "219494303695096@lid",
      "tanggal": "31-08-2025"
    }
  ],
  "120363403481018363@g.us01-09-2025": [
    {
      "user_id": "3367774462190@lid",
      "tanggal": "01-09-2025"
    },
    {
      "user_id": "208774535057585@lid",
      "tanggal": "01-09-2025"
    },
    {
      "user_id": "109990421471255@lid",
      "tanggal": "01-09-2025"
    },
    {
      "user_id": "30993054457956@lid",
      "tanggal": "01-09-2025"
    },
    {
      "user_id": "71850692477126@lid",
      "tanggal": "01-09-2025"
    },
    {
      "user_id": "179074785890399@lid",
      "tanggal": "01-09-2025"
    },
    {
      "user_id": "138701858451643@lid",
      "tanggal": "01-09-2025"
    },
    {
      "user_id": "178035487731763@lid",
      "tanggal": "01-09-2025"
    },
    {
      "user_id": "107417148858606@lid",
      "tanggal": "01-09-2025"
    },
    {
      "user_id": "177696034279679@lid",
      "tanggal": "01-09-2025"
    }
  ],
  "120363404130018043@g.us01-09-2025": [
    {
      "user_id": "24971325739056@lid",
      "tanggal": "01-09-2025"
    }
  ],
  "120363404130018043@g.us02-09-2025": [
    {
      "user_id": "273301804974143@lid",
      "tanggal": "02-09-2025"
    },
    {
      "user_id": "45531552342209@lid",
      "tanggal": "02-09-2025"
    },
    {
      "user_id": "219494303695096@lid",
      "tanggal": "02-09-2025"
    },
    {
      "user_id": "178593497907394@lid",
      "tanggal": "02-09-2025"
    },
    {
      "user_id": "93781349113880@lid",
      "tanggal": "02-09-2025"
    },
    {
      "user_id": "88884398571665@lid",
      "tanggal": "02-09-2025"
    },
    {
      "user_id": "91826602151945@lid",
      "tanggal": "02-09-2025"
    },
    {
      "user_id": "29751339126816@lid",
      "tanggal": "02-09-2025"
    },
    {
      "user_id": "261108510289942@lid",
      "tanggal": "02-09-2025"
    },
    {
      "user_id": "141313550880884@lid",
      "tanggal": "02-09-2025"
    },
    {
      "user_id": "153270471385152@lid",
      "tanggal": "02-09-2025"
    },
    {
      "user_id": "24971325739056@lid",
      "tanggal": "02-09-2025"
    },
    {
      "user_id": "262199767511111@lid",
      "tanggal": "02-09-2025"
    },
    {
      "user_id": "2272188731433@lid",
      "tanggal": "02-09-2025"
    },
    {
      "user_id": "276553447555298@lid",
      "tanggal": "02-09-2025"
    }
  ],
  "120363403481018363@g.us02-09-2025": [
    {
      "user_id": "3367774462190@lid",
      "tanggal": "02-09-2025"
    },
    {
      "user_id": "138701858451643@lid",
      "tanggal": "02-09-2025"
    },
    {
      "user_id": "178035487731763@lid",
      "tanggal": "02-09-2025"
    },
    {
      "user_id": "179074785890399@lid",
      "tanggal": "02-09-2025"
    },
    {
      "user_id": "107417148858606@lid",
      "tanggal": "02-09-2025"
    },
    {
      "user_id": "71850692477126@lid",
      "tanggal": "02-09-2025"
    },
    {
      "user_id": "208774535057585@lid",
      "tanggal": "02-09-2025"
    }
  ],
  "120363404130018043@g.us03-09-2025": [
    {
      "user_id": "240325465534656@lid",
      "tanggal": "03-09-2025"
    },
    {
      "user_id": "141313550880884@lid",
      "tanggal": "03-09-2025"
    }
  ],
  "120363403481018363@g.us03-09-2025": [
    {
      "user_id": "3367774462190@lid",
      "tanggal": "03-09-2025"
    }
  ]
}