{
  "6283854620462@s.whatsapp.net": {
    "sender": "6283854620462@s.whatsapp.net",
    "last_time": 1750623456953
  },
  "628883609680@s.whatsapp.net": {
    "sender": "628883609680@s.whatsapp.net",
    "last_time": 1744437603615
  },
  "212703553793@s.whatsapp.net": {
    "sender": "212703553793@s.whatsapp.net",
    "last_time": 1753038130353
  },
  "6283105730657@s.whatsapp.net": {
    "sender": "6283105730657@s.whatsapp.net",
    "last_time": 1747706665120
  },
  "6285256833258@s.whatsapp.net": {
    "sender": "6285256833258@s.whatsapp.net",
    "last_time": 1747736886110
  },
  "6281401786339@s.whatsapp.net": {
    "sender": "6281401786339@s.whatsapp.net",
    "last_time": 1742971219211
  },
  "6283823559750@s.whatsapp.net": {
    "sender": "6283823559750@s.whatsapp.net",
    "last_time": 1742884942240
  },
  "6285863951716@s.whatsapp.net": {
    "sender": "6285863951716@s.whatsapp.net",
    "last_time": 1747019351308
  },
  "6283870010987@s.whatsapp.net": {
    "sender": "6283870010987@s.whatsapp.net",
    "last_time": 1744441263723
  },
  "6285137263627@s.whatsapp.net": {
    "sender": "6285137263627@s.whatsapp.net",
    "last_time": 1742463991972
  },
  "6281573150201@s.whatsapp.net": {
    "sender": "6281573150201@s.whatsapp.net",
    "last_time": 1743270891656
  },
  "6281270817514@s.whatsapp.net": {
    "sender": "6281270817514@s.whatsapp.net",
    "last_time": 1747871447923
  },
  "6282169139080@s.whatsapp.net": {
    "sender": "6282169139080@s.whatsapp.net",
    "last_time": 1742471997449
  },
  "6289515412849@s.whatsapp.net": {
    "sender": "6289515412849@s.whatsapp.net",
    "last_time": 1752424848643
  },
  "62882020508675@s.whatsapp.net": {
    "sender": "62882020508675@s.whatsapp.net",
    "last_time": 1742273375261
  },
  "6281371698001@s.whatsapp.net": {
    "sender": "6281371698001@s.whatsapp.net",
    "last_time": 1749644158959
  },
  "6283856482338@s.whatsapp.net": {
    "sender": "6283856482338@s.whatsapp.net",
    "last_time": 1744338354694
  },
  "6285960204992@s.whatsapp.net": {
    "sender": "6285960204992@s.whatsapp.net",
    "last_time": 1742657253112
  },
  "6285733705528@s.whatsapp.net": {
    "sender": "6285733705528@s.whatsapp.net",
    "last_time": 1742810167062
  },
  "6285363278127@s.whatsapp.net": {
    "sender": "6285363278127@s.whatsapp.net",
    "last_time": 1742962433840
  },
  "6281517942039@s.whatsapp.net": {
    "sender": "6281517942039@s.whatsapp.net",
    "last_time": 1743253138258
  },
  "6285198086314@s.whatsapp.net": {
    "sender": "6285198086314@s.whatsapp.net",
    "last_time": 1742971199397
  },
  "6281543496975@s.whatsapp.net": {
    "sender": "6281543496975@s.whatsapp.net",
    "last_time": 1743267519056
  },
  "6285221899464@s.whatsapp.net": {
    "sender": "6285221899464@s.whatsapp.net",
    "last_time": 1743518636743
  },
  "6285119468728@s.whatsapp.net": {
    "sender": "6285119468728@s.whatsapp.net",
    "last_time": 1752880276015
  },
  "6282259935132@s.whatsapp.net": {
    "sender": "6282259935132@s.whatsapp.net",
    "last_time": 1745624671207
  },
  "6283840695310@s.whatsapp.net": {
    "sender": "6283840695310@s.whatsapp.net",
    "last_time": 1749480917780
  },
  "6285135502733@s.whatsapp.net": {
    "sender": "6285135502733@s.whatsapp.net",
    "last_time": 1744266430930
  },
  "6281291801986@s.whatsapp.net": {
    "sender": "6281291801986@s.whatsapp.net",
    "last_time": 1743938092195
  },
  "6283804346245@s.whatsapp.net": {
    "sender": "6283804346245@s.whatsapp.net",
    "last_time": 1752968580533
  },
  "6283874417231@s.whatsapp.net": {
    "sender": "6283874417231@s.whatsapp.net",
    "last_time": 1744188856871
  },
  "6282334288660@s.whatsapp.net": {
    "sender": "6282334288660@s.whatsapp.net",
    "last_time": 1751262547481
  },
  "6283862694821@s.whatsapp.net": {
    "sender": "6283862694821@s.whatsapp.net",
    "last_time": 1744935305736
  },
  "6285272287707@s.whatsapp.net": {
    "sender": "6285272287707@s.whatsapp.net",
    "last_time": 1747832124144
  },
  "6283136150720@s.whatsapp.net": {
    "sender": "6283136150720@s.whatsapp.net",
    "last_time": 1747999909480
  },
  "6285809026399@s.whatsapp.net": {
    "sender": "6285809026399@s.whatsapp.net",
    "last_time": 1747829757769
  },
  "6283876951471@s.whatsapp.net": {
    "sender": "6283876951471@s.whatsapp.net",
    "last_time": 1747157491365
  },
  "6283115421180@s.whatsapp.net": {
    "sender": "6283115421180@s.whatsapp.net",
    "last_time": 1745149508006
  },
  "6288266348156@s.whatsapp.net": {
    "sender": "6288266348156@s.whatsapp.net",
    "last_time": 1745149861626
  },
  "6283842751132@s.whatsapp.net": {
    "sender": "6283842751132@s.whatsapp.net",
    "last_time": 1745400107720
  },
  "6281400758382@s.whatsapp.net": {
    "sender": "6281400758382@s.whatsapp.net",
    "last_time": 1745409049752
  },
  "6285943081926@s.whatsapp.net": {
    "sender": "6285943081926@s.whatsapp.net",
    "last_time": 1745629998809
  },
  "6282169138408@s.whatsapp.net": {
    "sender": "6282169138408@s.whatsapp.net",
    "last_time": 1753052979340
  },
  "6288980328783@s.whatsapp.net": {
    "sender": "6288980328783@s.whatsapp.net",
    "last_time": 1751178978610
  },
  "6282130994143@s.whatsapp.net": {
    "sender": "6282130994143@s.whatsapp.net",
    "last_time": 1751545571088
  },
  "6283819119791@s.whatsapp.net": {
    "sender": "6283819119791@s.whatsapp.net",
    "last_time": 1747533004536
  },
  "6282227784110@s.whatsapp.net": {
    "sender": "6282227784110@s.whatsapp.net",
    "last_time": 1748609129552
  },
  "6282310891714@s.whatsapp.net": {
    "sender": "6282310891714@s.whatsapp.net",
    "last_time": 1747788284493
  },
  "6283152904977@s.whatsapp.net": {
    "sender": "6283152904977@s.whatsapp.net",
    "last_time": 1748413924146
  },
  "6288740715432@s.whatsapp.net": {
    "sender": "6288740715432@s.whatsapp.net",
    "last_time": 1747816792432
  },
  "6283872031397@s.whatsapp.net": {
    "sender": "6283872031397@s.whatsapp.net",
    "last_time": 1747976120086
  },
  "6283111399112@s.whatsapp.net": {
    "sender": "6283111399112@s.whatsapp.net",
    "last_time": 1752968625183
  },
  "6283134847022@s.whatsapp.net": {
    "sender": "6283134847022@s.whatsapp.net",
    "last_time": 1748433952131
  },
  "6283890838558@s.whatsapp.net": {
    "sender": "6283890838558@s.whatsapp.net",
    "last_time": 1749089188198
  },
  "6285959922159@s.whatsapp.net": {
    "sender": "6285959922159@s.whatsapp.net",
    "last_time": 1751895236179
  },
  "6285880159507@s.whatsapp.net": {
    "sender": "6285880159507@s.whatsapp.net",
    "last_time": 1751263266431
  },
  "6287726710256@s.whatsapp.net": {
    "sender": "6287726710256@s.whatsapp.net",
    "last_time": 1751530790396
  },
  "59559049711617@lid": {
    "sender": "59559049711617@lid",
    "last_time": 1755679401981
  },
  "264527606243388@lid": {
    "sender": "264527606243388@lid",
    "last_time": 1754216947788
  },
  "71786452512884@lid": {
    "sender": "71786452512884@lid",
    "last_time": 1754659919411
  },
  "130722245378078@lid": {
    "sender": "130722245378078@lid",
    "last_time": 1754819711608
  },
  "212391115649222@lid": {
    "sender": "212391115649222@lid",
    "last_time": 1754660808154
  },
  "34828594479222@lid": {
    "sender": "34828594479222@lid",
    "last_time": 1754257535694
  },
  "102791871787138@lid": {
    "sender": "102791871787138@lid",
    "last_time": 1754267290981
  },
  "79946538029281@lid": {
    "sender": "79946538029281@lid",
    "last_time": 1755605949107
  },
  "206141887893543@lid": {
    "sender": "206141887893543@lid",
    "last_time": 1754660831719
  },
  "176914434130040@lid": {
    "sender": "176914434130040@lid",
    "last_time": 1754660888102
  },
  "7950588477449@lid": {
    "sender": "7950588477449@lid",
    "last_time": 1755537249614
  },
  "12408714211345@lid": {
    "sender": "12408714211345@lid",
    "last_time": 1756349135476
  }
}