{
  "120363315618102700@g.us": [
    {
      "keyword": "sewa",
      "text": "╭「 *SEWA BOT* 」\n\n* [ 5.000 / 7 HARI ]\n* [ 15.000 / 1 BULAN ]\n* [ 28.000 / 2 BULAN ]\n\n╭「 *KEUNTUNGAN* 」\n\n* [ FREE ADD PREM ]\n* [ BOT ON 24 JAM ]\n* [ NO ERROR ]\n* [ VIP BOT ]\n* [ DLL ]",
      "url": "https://autoresbot.com/tmp_files/2f7e0ef6-8a13-4eb5-adb3-f83f441b2b78.jpg"
    },
    {
      "keyword": "panel",
      "text": "╭「 *PANEL BOT WA* 」\n\n* [ RAM 1 / 3.000 / BULAN ]\n* [ RAM 2 / 4.000 / BULAN ]\n* [ RAM 3 / 5.000 / BULAN ]\n* [ RAM 4 / 6.000 / BULAN ]\n* [ RAM 5 / 7.000 / BULAN ]\n* [ RAM 6 / 8.000 / BULAN ]\n* [ RAM 7 / 9.000 / BULAN ]\n* [ RAM 8 / 10.000 / BULAN ]\n* [ RAM 9 / 11.000 / BULAN ]\n* [ RAM UNLI / 12.000 / BULAN ]\n\n╭「 *KEUNTUNGAN* 」\n\n* [ FULL GARANSI ]\n* [ NO DELAY ]\n* [ PANEL ON 24 JAM ]\n* [ VPS RAM 16 CORE 4 ]\n* [ DLL ]",
      "url": "https://autoresbot.com/tmp_files/b28e35cb-4689-442a-8cc3-5dc43f0d9fb4.jpg"
    },
    {
      "keyword": "jadibot",
      "text": "╭「 *JADI BOT* 」\n\n* [ 20.000 / 1 BULAN ]\n\n╭「 *KEUNTUNGAN* 」\n\n* [ FREE 15 HARI ]\n* [ BOT ON 24 JAM ]\n* [ FREE UBAH NAMA ]\n* [ BEBAS JOIN GRUP ]\n* [ BISA BUAT SEWA BOT ]\n* [ PRIVAT APIKEY ]\n* [ DLL ]\n\n*( MIN KOK MAHAL ? MIKIR LAH APIKEY SAMA PANEL PERBULAN BAYAR TOL GA GRATIS )*",
      "url": "-"
    }
  ],
  "120363314565003342@g.us": [
    {
      "keyword": "sshprem",
      "text": "╭「 *SSH PREMIUM* 」\n\n* [ 3.500 / 7 HARI / 1 HP ]\n* [ 5.000 / 15 HARI / 1 HP ]\n* [ 10.000 / 1 BULAN / 2 HP ]\n* [ 20.000 / 2 BULAN / 2 HP ]\n*SERVER : SINGAPORE*\n*ISP : DIGITAL OCEAN*\n\n╭「 *KEUNTUNGAN* 」\n\n* [ FREE REQ CONFIG ]\n* [ FULL GARANSI ]\n* [ SUPP GAME ]\n* [ SUPP LIVE ]\n* [ DLL ]\n\n*X7 STORE*",
      "url": "-"
    },
    {
      "keyword": "mlvilog",
      "text": "*DM MLBB VIA LOGIN*\n\n*PROSES 1-20 MENIT* \n\n              💎250 : Rp45.000\n              💎500 : Rp80.000\n              💎1000 : Rp155.000\n              💎1500 : Rp210.000\n              💎2500 : Rp360.000\n              💎5000 : Rp710.000\n\nWeekly Diamond Pass : Rp22.500\n\nSpecial Bundle (Bulanan ) : Rp50.000\n\n*NOTED!!!* \nⓘ via login\nⓘ legal 100%\nⓘ stock? tanya dahulu sebelum membeli\nⓘ dilarang asal tf!!!\nⓘ berlaku kelipatan\n\n*PAYMENT!!!* \n- DANA\n- QRIS ALL PAYMENT (+1k)",
      "url": "-"
    },
    {
      "keyword": "panel",
      "text": "╭「 *PANEL BOT WA* 」\n\n* [ RAM 1 / 3.000 / BULAN ]\n* [ RAM 2 / 4.000 / BULAN ]\n* [ RAM 3 / 5.000 / BULAN ]\n* [ RAM 4 / 6.000 / BULAN ]\n* [ RAM 5 / 7.000 / BULAN ]\n* [ RAM 6 / 8.000 / BULAN ]\n* [ RAM 7 / 9.000 / BULAN ]\n* [ RAM 8 / 10.000 / BULAN ]\n* [ RAM 9 / 11.000 / BULAN ]\n* [ RAM UNLI / 12.000 / BULAN ]\n\n╭「 *KEUNTUNGAN* 」\n\n* [ FULL GARANSI ]\n* [ NO DELAY ]\n* [ PANEL ON 24 JAM ]\n* [ VPS RAM 16 CORE 4 ]\n* [ DLL ]",
      "url": "-"
    },
    {
      "keyword": "resellerpanel",
      "text": "╭「 *RESELLER PANEL* 」\n\n* [ 5.000 / 2 MINGGU ]\n* [ 10.000 / BULAN ]\n* [ 15.000 / MANEN ]\n\n╭「 *KEUNTUNGAN* 」\n\n* [ BEBAS CREATE PANEL ]\n* [ BISA JUALAN PANEL ]\n* [ PANEL ON 24 JAM ]\n* [ VPS RAM 16 CORE 4 ]\n* [ DLL ]",
      "url": "-"
    }
  ],
  "120363420831813801@g.us": [
    {
      "keyword": "cn tt",
      "text": "bio tt: 𝐏𝐀𝐑𝐓 𝐎𝐅 𝐇𝐨𝐰𝐥‘ 𝐂𝐫𝐞𝐚𝐭𝐨𝐫\ncn sq: 𝟕𝟎𝟐 nickname/𝐇𝐨𝐰𝐥‘ nickname",
      "url": "-"
    },
    {
      "keyword": "addlist deskripsi gc",
      "text": "*WELCOME TO SQUAD*\n 𝟕𝟎𝟐 𝐇𝐎𝐖𝐋 𝐁𝐋𝐀𝐃𝐄\n\n*→OWNER: Rann*\n*→FOUNDER: Rell*\n\n*→ADMIN OPEN MEMBER:*\n*• Rachel*\n*• Cira*\n*• Maura*\n*• Rann*\n\n*→PENGAWAS*\n*• Cesi*\n*• Rell*\n*• Nanz*\n*• Axel*\n\n────────୨ৎ────────\n\n*→ADMIN ROBLOX:*\n*• Rachel*\n*• Rona*\n\n*→ADMIN FREE FIRE:*\n•\n•\n\n────────୨ৎ────────\n\n*→RULES:*\n*→GIRLS: EX HONOR*\n*→BOYS: EX GLORY*\n*•Minimal umur 17+*\n*•No toxic berlebihan*\n*•No menggunakan fitur bot di GC utama*\n*•No drama*\n*•No config*\n*•No baper*\n*•No double SQ*\n*•No farming*\n*•No circle*\n*•Aktif GC/Tiktok*\n*•Wajib cn nick tiktok+bio*\n*•No bahas yang berbau 18+/21+*\n*•No blame sesama member*\n*•Wajib berbaur sesama member*\n*•No sebar link GC UTAMA*\n*•No TAG SW GC*\n*•Post VT wajib pake hastag*\n*•NO JB DIDALAM SQ*\n#702howlblade\n#howlblade\n\n────────୨ৎ────────\n\n*→WAJIB FOLLOW AKUN OFFICIAL 702:*\nhttps://www.tiktok.com/@ofc.howlblade?_t=ZS-8zK39Fhzt6T&_r=1\n\n*→GRUP BOT + HD:*\nhttps://chat.whatsapp.com/BxaXbuxhbSEBPKvBG3YSsS?mode=ems_copy_t\n\n*→GRUP SHARE LINK VT:*\nhttps://chat.whatsapp.com/HqsKXaNkVRXDhH1QDtAuaD?mode=ems_copy_t",
      "url": "-"
    }
  ],
  "120363404069803269@g.us": [
    {
      "keyword": "cn tt",
      "text": "bio tt: 𝐏𝐀𝐑𝐓 𝐎𝐅 𝐇𝐨𝐰𝐥‘ 𝐂𝐫𝐞𝐚𝐭𝐨𝐫\ncn sq: 𝟕𝟎𝟐 nickname/𝐇𝐨𝐰𝐥‘ nickname",
      "url": "-"
    },
    {
      "keyword": "link tt",
      "text": "https://www.tiktok.com/@ofc.howlblade?_t=ZS-8zK39Fhzt6T&_r=1",
      "url": "-"
    },
    {
      "keyword": "welcome gc seleksi",
      "text": "*WELCOME TO GC SELEKSI*\n 𝟕𝟎𝟐 𝐇𝐎𝐖𝐋 𝐁𝐋𝐀𝐃𝐄\n\n@NAME\n\n────────୨ৎ────────\n\nɴᴀᴍᴀ:\nᴜᴍᴜʀ:\nᴀꜱᴋᴏᴛ:\nɢᴇɴᴅᴇʀ:\n\n\nbio tt: 𝐏𝐀𝐑𝐓 𝐎𝐅 𝐇𝐨𝐰𝐥‘ 𝐂𝐫𝐞𝐚𝐭𝐨𝐫\ncn sq: 𝟕𝟎𝟐 nickname/𝐇𝐨𝐰𝐥‘ nickname \n*WAJIB PAKAI HASTAG*\n#702howlblade\n#howlblade\n\n\n*LINK TIKTOK*:\nhttps://www.tiktok.com/@ofc.howlblade?_t=ZS-8zK39Fhzt6T&_r=1\n\n────────୨ৎ────────\n\n*WAJIB PAKAI FOTO SELFIE/PAP MUKA KALIAN !!*\n*FORMAT DIKIRIM DENGAN CARA SS LALU DI GRID 4 (AKUN ML, AKUN TT KALIAN, BUKTI FOLLOW TT OFC HOWL, FOTO/PAP MUKA KALIAN*",
      "url": "-"
    }
  ],
  "120363403481018363@g.us": [
    {
      "keyword": "cn tt",
      "text": "bio tt: 𝐏𝐀𝐑𝐓 𝐎𝐅 𝐇𝐨𝐰𝐥‘ 𝐂𝐫𝐞𝐚𝐭𝐨𝐫\ncn sq: 𝟕𝟎𝟐 nickname/𝐇𝐨𝐰𝐥‘ nickname",
      "url": "-"
    },
    {
      "keyword": "welcome to sq howl",
      "text": "*WELCOME TO SQUAD*\n 𝟕𝟎𝟐 𝐇𝐎𝐖𝐋 𝐁𝐋𝐀𝐃𝐄\n\n@NAME\n\n────────୨ৎ────────\n\nɴᴀᴍᴀ:\nᴜᴍᴜʀ:\nᴀꜱᴋᴏᴛ:\nɢᴇɴᴅᴇʀ:\nᴅɪᴠɪꜱɪ:\n\n*LINK TIKTOK*:\n\n\n────────୨ৎ────────\n\n*WAJIB INTRO PAKAI FOTO SELFIE/PAP MUKA KALIAN !!*\n*SEMOGA BETAH YA*",
      "url": "-"
    },
    {
      "keyword": "addlist deskripsi gc",
      "text": "*WELCOME TO SQUAD*\n 𝟕𝟎𝟐 𝐇𝐎𝐖𝐋 𝐁𝐋𝐀𝐃𝐄\n\n*→OWNER: Rann*\n*→FOUNDER: Rell*\n\n*→ADMIN OPEN MEMBER:*\n*• Rachel*\n*• Cira*\n*• Maura*\n*• Rann*\n\n*→PENGAWAS*\n*• Cesi*\n*• Rell*\n*• Nanz*\n*• Axel*\n\n────────୨ৎ────────\n\n*→ADMIN ROBLOX:*\n*• Rachel*\n*• Rona*\n\n*→ADMIN FREE FIRE:*\n•\n•\n\n────────୨ৎ────────\n\n*→RULES:*\n*→GIRLS: EX HONOR*\n*→BOYS: EX GLORY*\n*•Minimal umur 17+*\n*•No toxic berlebihan*\n*•No menggunakan fitur bot di GC utama*\n*•No drama*\n*•No config*\n*•No baper*\n*•No double SQ*\n*•No farming*\n*•No circle*\n*•Aktif GC/Tiktok*\n*•Wajib cn nick tiktok+bio*\n*•No bahas yang berbau 18+/21+*\n*•No blame sesama member*\n*•Wajib berbaur sesama member*\n*•No sebar link GC UTAMA*\n*•No TAG SW GC*\n*•Post VT wajib pake hastag*\n*•NO JB DIDALAM SQ*\n#702howlblade\n#howlblade\n\n────────୨ৎ────────\n\n*→WAJIB FOLLOW AKUN OFFICIAL 702:*\nhttps://www.tiktok.com/@ofc.howlblade?_t=ZS-8zK39Fhzt6T&_r=1\n\n*→GRUP BOT + HD:*\nhttps://chat.whatsapp.com/BxaXbuxhbSEBPKvBG3YSsS?mode=ems_copy_t\n\n*→GRUP SHARE LINK VT:*\nhttps://chat.whatsapp.com/HqsKXaNkVRXDhH1QDtAuaD?mode=ems_copy_t",
      "url": "-"
    },
    {
      "keyword": "id sq",
      "text": "→Div 1. id 11797325 *: cesi*\n*LINK GC DIV 1*\nhttps://chat.whatsapp.com/DHp2pDQxFSJ0odXWjoyD6n?mode=ems_copy_t\n\n→Div 2. id 11793835 *: Rell*\n*LINK GC DIV 2*\nhttps://chat.whatsapp.com/GcIoePaBO96KLU2qSo6dfk?mode=ems_copy_t\n\n→Div 3. id 11793895 *: Axel*\n*LINK DIV 3*\nhttps://chat.whatsapp.com/GClxVxjAdE9HT7j5SrQosB?mode=ems_copy_t",
      "url": "-"
    },
    {
      "keyword": "link gc",
      "text": "*LINK GC UTAMA WAJIB MASUK*\nhttps://chat.whatsapp.com/IO8nX9CFo9wEfDygr3DpYV?mode=ems_copy_t\n\n*LINK GC BOT+HD*\nhttps://chat.whatsapp.com/BxaXbuxhbSEBPKvBG3YSsS?mode=ems_copy_t\n\n*LINK GC SHARE LINK VT*\nhttps://chat.whatsapp.com/HqsKXaNkVRXDhH1QDtAuaD?mode=ems_copy_t",
      "url": "-"
    }
  ]
}