{
  "users": {},
  "chats": {
    "120363315618102700@g.us": {
      "antibot": true,
      "antilinkwa": true,
      "autodownload": true
    },
    "120363314684271584@g.us": {
      "autodownload": true
    },
    "120363316488823681@g.us": {
      "autodownload": true,
      "antiviewone": false
    }
  },
  "database": {},
  "groups": {},
  "game": {
    "tebaklagu": [],
    "_family100": [],
    "kuismath": [],
    "tebakgambar": [],
    "tebakangka": [],
    "tebakkata": [],
    "caklontong": [],
    "caklontong_desk": [],
    "tebakkalimat": [],
    "tebaklirik": [],
    "tebaktebakan": [],
    "tebakbendera": [],
    "tebakhewan": []
  },
  "settings": {},
  "others": {},
  "sticker": {}
}