{
  "autojpm": false,
  "autoshalat": false,
  "autoRead": true,
  "prefix": true,
  "autoswview": true,
  "public": true,
  "antitoxic": true,
  "anticall": true,
  "AutoLevelUp": true,
  "Autobackup": true,
  "autoreboot": true,
  "mess": {
    "success": "*😋 ᴅᴏɴᴇ ᴅᴇꜱᴜᴜ ~*",
    "premium": "_*ꜰɪᴛᴜʀ ᴏɴʟʏ ᴜꜱᴇʀ ᴘʀᴇᴍɪᴜᴍ*_\n*_ʙᴜʏ ᴘʀᴇᴍɪᴜᴍ ꜰᴏʀ ᴀᴄᴄᴇꜱꜱ ꜰɪᴛᴜʀ, ʏᴏᴜ ᴄᴀɴ ᴛʏᴘᴇ .ʙᴜʏᴘʀᴇᴍ, ᴜɴᴛᴜᴋ ᴍᴇʟɪʜᴀᴛ ʟɪꜱᴛ ʜᴀʀɢᴀ ᴍᴇᴍʙᴇʀ ᴘʀᴇᴍɪᴜᴍ_*",
    "admin": "_*ᴏɴʟʏ ᴀᴅᴍɪɴ !!*_",
    "botNotAdmin": "*_ᴊᴀᴅɪᴋᴀɴ ʙᴏᴛ ᴀᴅᴍɪɴ ᴜɴᴛᴜᴋ ᴍᴇɴɢɢᴜɴᴀᴋᴀɴ ꜰɪᴛᴜʀ ɪɴɪ !!_*",
    "userNotAdmin": "*_ᴋᴀᴍᴜ ɪᴛᴜ ʙᴜᴋᴀɴ ᴀᴅᴍɪɴ !!_*",
    "urlnotvalid": "*_ʟɪɴᴋ ᴛɪᴅᴀᴋ ᴠᴀʟɪᴅ/ꜱᴀʟᴀʜ!!_*",
    "superowner": "*_ᴏɴʟʏ ꜱᴜᴘᴇʀᴏᴡɴᴇʀ !!_*",
    "owner": "*_ᴏɴʟʏ ᴏᴡɴᴇʀ !!_*",
    "group": "*_ᴏɴʟʏ ɢʀᴜᴘ ᴄʜᴀᴛ !!_*",
    "private": "*_ᴏɴʟʏ ᴘʀɪᴠᴀᴛᴇ ᴄʜᴀᴛ !!_*",
    "wait": "_*ᴡᴀɪᴛɪɴɢ...*_",
    "error": "_*ꜰɪᴛᴜʀ ꜱᴇᴅᴀɴɢ ᴇʀʀᴏʀ !!*_",
    "register": "ᴍᴀᴀꜰ ᴋᴀᴋ, ᴋᴀᴍᴜ ʙᴇʟᴜᴍ ᴛᴇʀᴅᴀꜰᴛᴀʀ ᴅɪ ᴅᴀᴛᴀʙᴀꜱᴇ ꜱɪʟᴀʜᴋᴀɴ ᴅᴀꜰᴛᴀʀ ᴛᴇʀʟᴇʙɪʜ ᴅᴀʜᴜʟᴜ ᴅᴇɴɢᴀɴ ᴍᴇɴɢᴇᴛɪᴋ *.ᴅᴀꜰᴛᴀʀ*",
    "ban": "ɴᴏᴍᴏʀ ᴀɴᴅᴀ ᴛᴇʟᴀʜ ᴅɪʙᴀɴɴᴇᴅ ᴏʟᴇʜ ᴏᴡɴᴇʀ ᴅᴀɴ ᴀɴᴅᴀ ᴅɪʟᴀʀᴀɴɢ ᴍᴇɴɢɢᴜɴᴀᴋᴀɴ ꜱᴇᴍᴜᴀ ꜰɪᴛᴜʀ ʙᴏᴛ ᴜɴᴛᴜᴋ ꜱᴇᴍᴇɴᴛᴀʀᴀ ᴡᴀᴋᴛᴜ!!"
  },
  "singlemess": {
    "open_grub": "_*ɢʀᴏᴜᴘ ʙᴇʀʜᴀꜱɪʟ ᴅɪʙᴜᴋᴀ ᴛᴜᴀɴ*_ 「 🔓 」",
    "close_grub": "_*ɢʀᴏᴜᴘ ʙᴇʀʜᴀꜱɪʟ ᴅɪᴛᴜᴛᴜᴘ ᴛᴜᴀɴ*_ 「 🔒 」",
    "kickmember": "_*ʙᴇʀʜᴀꜱɪʟ ᴍᴇɴɢᴇʟᴜᴀʀᴋᴀɴ ᴅᴀʀɪ ɢʀᴜᴘ*_",
    "antilinkv1_detek": "_*ᴀɴᴛɪʟɪɴᴋ ᴅᴇᴛᴇᴄᴛɪᴏɴ*_ 「 🚫 」",
    "antilinkv2_dete": "_*ᴀɴᴛɪʟɪɴᴋ ᴅᴇᴛᴇᴄᴛɪᴏɴ*_ 「 🚫 」",
    "antilinkv3_detek": "_*ᴀɴᴛɪʟɪɴᴋ ᴅᴇᴛᴇᴄᴛɪᴏɴ*_ 「 🚫 」",
    "antilinkwa_detek": "_*ᴀɴᴛɪʟɪɴᴋ ᴡᴀ ᴅᴇᴛᴇᴄᴛɪᴏɴ*_ 「 🚫 」",
    "antilinkwa2_detek": "_*ᴀɴᴛɪʟɪɴᴋ ᴡᴀ ᴅᴇᴛᴇᴄᴛɪᴏɴ*_ 「 🚫 」",
    "antigame": "「 🚫 」 *_ꜰɪᴛᴜʀ ɢᴀᴍᴇ ᴛᴇʟᴀʜ ᴅɪᴍᴀᴛɪᴋᴀɴ ᴜɴᴛᴜᴋ ᴍᴇɴɢʜɪɴᴅᴀʀɪ ꜱᴘᴀᴍ ʙᴇʀʟᴇʙɪʜ, ᴍᴏʜᴏɴ ᴍᴀᴀꜰ ʏᴀ ᴋᴀᴋ..._",
    "antispam1": "「 🚫 」 _*ꜱᴘᴀᴍ ᴅᴇᴛᴇᴄᴛɪᴏɴ*_",
    "antispam2": "「 🚫 」 *_ᴘᴇʀɪɴɢᴀᴛᴀɴ ᴛᴇʀᴀᴋʜɪʀ!!_*\nᴋᴀᴍᴜ ᴀᴋᴀɴ ᴅɪᴋɪᴄᴋ ᴊɪᴋᴀ ᴍᴇɴɢɪʀɪᴍ ꜱᴘᴀᴍ ᴄʜᴀᴛ ʟᴀɢɪ!!!",
    "antisekalilihat": "「 🚫 」 _*ᴀɴᴛɪ 1x ᴅɪʟɪʜᴀᴛ ᴅᴇᴛᴇᴄᴛɪᴏɴ*_",
    "antibot_detek": "「 🚫 」 *_ᴀɴᴏᴛʜᴇʀ ʙᴏᴛ ᴅᴇᴛᴇᴄᴛɪᴏɴ_*\nᴍᴏʜᴏɴ ᴍᴀᴀꜰ ᴋᴀᴍᴜ ᴀᴋᴀɴ ꜱᴀʏᴀ ᴋɪᴄᴋ",
    "antibadword": "「 🚫 」 *_ɪɴɪ ᴀᴅᴀʟᴀʜ ᴘᴇʀɪɴɢᴀᴛᴀɴ ᴛᴇʀᴀᴋʜɪʀ!!_*\nᴋᴀᴍᴜ ᴀᴋᴀɴ ꜱᴀʏᴀ ᴋɪᴄᴋ ᴊɪᴋᴀ ᴍᴇɴɢɢᴜɴᴀᴋᴀɴ/ᴍᴇɴɢɪʀɪᴍ ᴋᴀᴛᴀ² ᴛᴇʀʟᴀʀᴀɴɢ !!",
    "antivirtex": "「 🚫 」 *_ᴀɴᴛɪ ᴠɪʀᴛᴇx ᴅᴇᴛᴇᴄᴛɪᴏɴ_*\nᴍᴏʜᴏɴ ᴍᴀᴀꜰ ᴋᴀᴍᴜ ᴀᴋᴀɴ ᴅɪ ᴋɪᴄᴋ ᴅᴀʀɪ ɢʀᴜᴘ",
    "antitagsw": "「 🚫 」 *_ᴀɴᴛɪ ᴛᴀɢ ꜱᴡ ᴅᴇᴛᴇᴄᴛɪᴏɴ_*\n ᴍᴏʜᴏɴ ᴍᴀᴀꜰ ᴋᴀᴍᴜ ᴀᴋᴀɴ ᴅɪ ᴋɪᴄᴋ ᴅᴀʀɪ ɢʀᴜᴘ",
    "unmute": "*_ʙᴏᴛ ʙᴇʀʜᴀꜱɪʟ ᴅɪ ᴜɴᴍᴜᴛᴇ ᴅɪ ɢʀᴜᴘ ɪɴɪ_*",
    "mute": "*_ʙᴏᴛ ʙᴇʀʜᴀꜱɪʟ ᴅɪᴍᴜᴛᴇ ᴅɪ ɢʀᴜᴘ ɪɴɪ_*"
  }
}