{"120363315618102700@g.us":[{"keyword":"sewa","text":"╭「 *SEWA BOT* 」\n\n* [ 5.000 / 7 HARI ]\n* [ 15.000 / 1 BULAN ]\n* [ 28.000 / 2 BULAN ]\n\n╭「 *KEUNTUNGAN* 」\n\n* [ FREE ADD PREM ]\n* [ BOT ON 24 JAM ]\n* [ NO ERROR ]\n* [ VIP BOT ]\n* [ DLL ]","url":"https://autoresbot.com/tmp_files/2f7e0ef6-8a13-4eb5-adb3-f83f441b2b78.jpg"},{"keyword":"panel","text":"╭「 *PANEL BOT WA* 」\n\n* [ RAM 1 / 3.000 / BULAN ]\n* [ RAM 2 / 4.000 / BULAN ]\n* [ RAM 3 / 5.000 / BULAN ]\n* [ RAM 4 / 6.000 / BULAN ]\n* [ RAM 5 / 7.000 / BULAN ]\n* [ RAM 6 / 8.000 / BULAN ]\n* [ RAM 7 / 9.000 / BULAN ]\n* [ RAM 8 / 10.000 / BULAN ]\n* [ RAM 9 / 11.000 / BULAN ]\n* [ RAM UNLI / 12.000 / BULAN ]\n\n╭「 *KEUNTUNGAN* 」\n\n* [ FULL GARANSI ]\n* [ NO DELAY ]\n* [ PANEL ON 24 JAM ]\n* [ VPS RAM 16 CORE 4 ]\n* [ DLL ]","url":"https://autoresbot.com/tmp_files/b28e35cb-4689-442a-8cc3-5dc43f0d9fb4.jpg"},{"keyword":"jadibot","text":"╭「 *JADI BOT* 」\n\n* [ 20.000 / 1 BULAN ]\n\n╭「 *KEUNTUNGAN* 」\n\n* [ FREE 15 HARI ]\n* [ BOT ON 24 JAM ]\n* [ FREE UBAH NAMA ]\n* [ BEBAS JOIN GRUP ]\n* [ BISA BUAT SEWA BOT ]\n* [ PRIVAT APIKEY ]\n* [ DLL ]\n\n*( MIN KOK MAHAL ? MIKIR LAH APIKEY SAMA PANEL PERBULAN BAYAR TOL GA GRATIS )*","url":"-"}],"120363314565003342@g.us":[{"keyword":"sshprem","text":"╭「 *SSH PREMIUM* 」\n\n* [ 3.500 / 7 HARI / 1 HP ]\n* [ 5.000 / 15 HARI / 1 HP ]\n* [ 10.000 / 1 BULAN / 2 HP ]\n* [ 20.000 / 2 BULAN / 2 HP ]\n*SERVER : SINGAPORE*\n*ISP : DIGITAL OCEAN*\n\n╭「 *KEUNTUNGAN* 」\n\n* [ FREE REQ CONFIG ]\n* [ FULL GARANSI ]\n* [ SUPP GAME ]\n* [ SUPP LIVE ]\n* [ DLL ]\n\n*X7 STORE*","url":"-"},{"keyword":"mlvilog","text":"*DM MLBB VIA LOGIN*\n\n*PROSES 1-20 MENIT* \n\n              💎250 : Rp45.000\n              💎500 : Rp80.000\n              💎1000 : Rp155.000\n              💎1500 : Rp210.000\n              💎2500 : Rp360.000\n              💎5000 : Rp710.000\n\nWeekly Diamond Pass : Rp22.500\n\nSpecial Bundle (Bulanan ) : Rp50.000\n\n*NOTED!!!* \nⓘ via login\nⓘ legal 100%\nⓘ stock? tanya dahulu sebelum membeli\nⓘ dilarang asal tf!!!\nⓘ berlaku kelipatan\n\n*PAYMENT!!!* \n- DANA\n- QRIS ALL PAYMENT (+1k)","url":"-"},{"keyword":"panel","text":"╭「 *PANEL BOT WA* 」\n\n* [ RAM 1 / 3.000 / BULAN ]\n* [ RAM 2 / 4.000 / BULAN ]\n* [ RAM 3 / 5.000 / BULAN ]\n* [ RAM 4 / 6.000 / BULAN ]\n* [ RAM 5 / 7.000 / BULAN ]\n* [ RAM 6 / 8.000 / BULAN ]\n* [ RAM 7 / 9.000 / BULAN ]\n* [ RAM 8 / 10.000 / BULAN ]\n* [ RAM 9 / 11.000 / BULAN ]\n* [ RAM UNLI / 12.000 / BULAN ]\n\n╭「 *KEUNTUNGAN* 」\n\n* [ FULL GARANSI ]\n* [ NO DELAY ]\n* [ PANEL ON 24 JAM ]\n* [ VPS RAM 16 CORE 4 ]\n* [ DLL ]","url":"-"},{"keyword":"resellerpanel","text":"╭「 *RESELLER PANEL* 」\n\n* [ 5.000 / 2 MINGGU ]\n* [ 10.000 / BULAN ]\n* [ 15.000 / MANEN ]\n\n╭「 *KEUNTUNGAN* 」\n\n* [ BEBAS CREATE PANEL ]\n* [ BISA JUALAN PANEL ]\n* [ PANEL ON 24 JAM ]\n* [ VPS RAM 16 CORE 4 ]\n* [ DLL ]","url":"-"}]}