{"120363316488823681@g.us":[{"text":"〽️ WELCOME NJING\n👋🏻 `@NAME`\n\nJANGAN LUPA BACA RULES DI DESC GRUP\n\n━━『 *YUDZXML STORE 77* 』\n\n `YUDZXML STORE MENYEDIAKAN BERBAGAI KEBUTUHAN PRODUK YAITU :`\n\n *• PANEL BOT* \n *• SEWA BOT*\n *• JADI BOT*\n *• RESELLER PANEL*\n *• SSH PREMIUM*\n *• CONFIG PREMIUM*\n *• APK PREMIUM*\n *• JASA UNBAN*\n *• JASA INSTALL PANEL*\n\n_YUDZXML STORE 77_\n━━━━━━━━━━━━━━━━━━","status":"off"}],"120363315618102700@g.us":[{"text":"*〽️ SELAMAT DATANG KAK*\n`👋🏻 @NAME`\n\n*`PATUHI RULES DI DESKRIPSI GRUP❗`*\n\n*〽️ YUDZXML STORE 77*\n* `OPEN SEWA BOT`\n* `OPEN JADI BOT`\n* `OPEN RESELLER PANEL`\n* `PANEL PYTREODYLT` \n\nKETIK *_.allmenu_* UNTUK MENAMPILKAN LIST ALL FITUR BOT\n\n@GROUP","status":"on"}],"120363314565003342@g.us":[{"text":"*〽️SELAMAT DATANG*\n`👋🏻@NAME`\n*〽️RULES :*\n* NO PROMOSI\n* NO JOMOK \n* NO MALING MEM\n* NO SHARE LINK PHISING\n* NO SHARE LINK GRUP\n* NO BOT \n*MELANGGAR AUTO KICK*\n\n*❗KETIK .list UNTUK MENAMPILKAN LIST PRODUK ADMIN ❗*\n\n*〽️X7 STORE*","status":"on"}],"120363336666934987@g.us":[{"text":"*〽️ WELCOME KIDZ*\n`👋🏻@NAME`\n\n*〽️RULES :*\n* NO RASIS\n* NO PROMOSI\n* NO CULIK MEM\n* NO JOMOK\n* NO SHARE 18+\n\n*❗JANGAN LUPA ORDER DI X7 STORE ❗*","status":"on"}]}