[
  {
    "id": "6283872031397@s.whatsapp.net",
    "name": "YUDZXML OWNER",
    "time": "2025-05-30T05:28:53.166Z",
    "serial": "fee58bb9cdf907e4e7a9"
  },
  {
    "id": "6283152904977@s.whatsapp.net",
    "name": "naksosahri",
    "time": "2025-05-30T06:03:07.148Z",
    "serial": "ddfe635e518c4ecae952"
  },
  {
    "id": "6281211825957@s.whatsapp.net",
    "name": "anak baik²",
    "time": "2025-05-30T06:15:27.553Z",
    "serial": "5a87e55e6a6e8e43c04d"
  },
  {
    "id": "6287752141077@s.whatsapp.net",
    "name": "Rafael Zidan",
    "time": "2025-05-30T07:42:53.616Z",
    "serial": "687f08811508f7e7993a"
  },
  {
    "id": "6285809026399@s.whatsapp.net",
    "name": "Tri 🫡",
    "time": "2025-05-30T09:34:21.760Z",
    "serial": "02deae0f6ffe365114b7"
  },
  {
    "id": "6282227784110@s.whatsapp.net",
    "name": "jnt expres",
    "time": "2025-05-30T12:45:15.131Z",
    "serial": "e73a3915cb3b3e060af6"
  },
  {
    "id": "6287776454946@s.whatsapp.net",
    "name": "~",
    "time": "2025-05-30T14:07:29.477Z",
    "serial": "ef94ac797f627b5d125d"
  },
  {
    "id": "6283854620462@s.whatsapp.net",
    "name": "jual beli ikan gurame mas amba",
    "time": "2025-05-30T14:56:57.400Z",
    "serial": "13de251126e42ebd79ab"
  },
  {
    "id": "6289520112972@s.whatsapp.net",
    "name": "𝖋𝖙 ridho  858.",
    "time": "2025-05-30T15:16:04.526Z",
    "serial": "793e7a8ca8d5bfd2b29b"
  },
  {
    "id": "6285256833258@s.whatsapp.net",
    "name": "ʜᴀɪᴋᴀʟ",
    "time": "2025-05-30T15:20:18.808Z",
    "serial": "904dd047a0fb4662f5a6"
  },
  {
    "id": "212703553793@s.whatsapp.net",
    "name": "w",
    "time": "2025-05-30T16:45:33.335Z",
    "serial": "cfc959f0e34e040d71b4"
  },
  {
    "id": "6283135696278@s.whatsapp.net",
    "name": "?",
    "time": "2025-05-30T18:19:04.768Z",
    "serial": "83fce1639b8051670064"
  },
  {
    "id": "6285757707209@s.whatsapp.net",
    "name": "anti vardird",
    "time": "2025-05-30T22:00:50.129Z",
    "serial": "f647b8d43db062d65673"
  },
  {
    "id": "6283866430321@s.whatsapp.net",
    "name": "フェルディ",
    "time": "2025-05-30T22:28:46.218Z",
    "serial": "d603bf11bae3f4b12c0a"
  },
  {
    "id": "6283110664611@s.whatsapp.net",
    "name": "Cenot👻",
    "time": "2025-05-31T05:20:17.161Z",
    "serial": "d92ce8d3d13844b4400d"
  },
  {
    "id": "6283819119791@s.whatsapp.net",
    "name": "rifkyaditiyamuhamad",
    "time": "2025-05-31T11:14:35.524Z",
    "serial": "cf3f6c39fc9b764d4010"
  },
  {
    "id": "6283827370646@s.whatsapp.net",
    "name": "ꦩꦫꦶꦪꦄꦒꦛ",
    "time": "2025-05-31T11:34:58.002Z",
    "serial": "0cd9e481b291bf7cfd85"
  },
  {
    "id": "6283134847022@s.whatsapp.net",
    "name": "Zerone01",
    "time": "2025-05-31T12:37:46.070Z",
    "serial": "d96c6da8659ffa8f801a"
  },
  {
    "id": "6285169754804@s.whatsapp.net",
    "name": "nico",
    "time": "2025-05-31T12:58:27.136Z",
    "serial": "7b2311a8fd1ef7a0e844"
  },
  {
    "id": "6288980328783@s.whatsapp.net",
    "name": "Ripsz!?",
    "time": "2025-05-31T12:59:20.963Z",
    "serial": "9ce518d2868916fa4ccf"
  },
  {
    "id": "6283842818317@s.whatsapp.net",
    "name": ".",
    "time": "2025-05-31T14:29:30.824Z",
    "serial": "d5cc7b14e224a0970249"
  },
  {
    "id": "6283840695310@s.whatsapp.net",
    "name": "IYANZ STORE👑",
    "time": "2025-05-31T16:52:39.882Z",
    "serial": "1fe8e6d780639579148b"
  },
  {
    "id": "6285863951716@s.whatsapp.net",
    "name": "Revan",
    "time": "2025-06-01T09:54:35.161Z",
    "serial": "3ec613cbb718d43e0082"
  },
  {
    "id": "6285943081926@s.whatsapp.net",
    "name": "Fall",
    "time": "2025-06-01T23:48:24.149Z",
    "serial": "8d43d3cdad10205cc75a"
  },
  {
    "id": "6283876951471@s.whatsapp.net",
    "name": ".",
    "time": "2025-06-02T13:40:28.036Z",
    "serial": "4bbaac376288d38948a6"
  },
  {
    "id": "6288740715432@s.whatsapp.net",
    "name": "poki",
    "time": "2025-06-03T14:15:17.027Z",
    "serial": "e6b3ced793b53910fdae"
  },
  {
    "id": "6282345760877@s.whatsapp.net",
    "name": "Fauzan",
    "time": "2025-06-04T06:53:18.810Z",
    "serial": "d432608a7ed57c637f28"
  },
  {
    "id": "6281573150201@s.whatsapp.net",
    "name": "𝑹𝒊𝒇𝒌𝒊",
    "time": "2025-06-04T12:00:48.473Z",
    "serial": "c648271e9738a09f49a3"
  },
  {
    "id": "6283890838558@s.whatsapp.net",
    "name": "bisn4744",
    "time": "2025-06-04T12:22:51.448Z",
    "serial": "887b05bafb7e0a20a09f"
  },
  {
    "id": "6285175115175@s.whatsapp.net",
    "name": "potter kink jokz",
    "time": "2025-06-04T12:48:25.028Z",
    "serial": "fb7f8f9b41cd1792c64d"
  },
  {
    "id": "6289515412849@s.whatsapp.net",
    "name": "oji",
    "time": "2025-06-04T13:29:55.059Z",
    "serial": "b262f6c49b8472cd805a"
  },
  {
    "id": "62881012120471@s.whatsapp.net",
    "name": ".",
    "time": "2025-06-04T13:32:31.169Z",
    "serial": "d997ff0cd324fa437af9"
  },
  {
    "id": "6283115421180@s.whatsapp.net",
    "name": "I Komang Putra Prawangsa",
    "time": "2025-06-05T07:37:28.570Z",
    "serial": "95a704b0d8b787e058fa"
  },
  {
    "id": "6289504632738@s.whatsapp.net",
    "name": "Fajar Audi",
    "time": "2025-06-05T11:46:37.876Z",
    "serial": "eea69f7a857690728ce9"
  },
  {
    "id": "6283875195470@s.whatsapp.net",
    "name": "𝐓𝐞𝐠𝐮𝐡 𝐒𝐮𝐰𝐚𝐧𝐝𝐢",
    "time": "2025-06-05T16:32:51.882Z",
    "serial": "0925adfdff37532b48b1"
  },
  {
    "id": "6283825301607@s.whatsapp.net",
    "name": "Mhd Rezki",
    "time": "2025-06-06T15:12:20.005Z",
    "serial": "eb9dfa5c4fbf0c864de0"
  },
  {
    "id": "6282169138408@s.whatsapp.net",
    "name": "M",
    "time": "2025-06-08T18:58:24.467Z",
    "serial": "4f56df1627de174b07f2"
  },
  {
    "id": "6283862694821@s.whatsapp.net",
    "name": "D",
    "time": "2025-06-09T04:32:17.588Z",
    "serial": "4d4dd3c99ea76a06ce0f"
  },
  {
    "id": "6283854606963@s.whatsapp.net",
    "name": "CANZZ STORE🔥🔥🔥🔥🔥",
    "time": "2025-06-09T04:35:54.458Z",
    "serial": "7480d4b219f5852fdced"
  },
  {
    "id": "6285890164874@s.whatsapp.net",
    "name": "𝐙𝐢𝐥 𝐄𝐝𝐰𝐚𝐫𝐝𝐬",
    "time": "2025-06-10T03:11:16.335Z",
    "serial": "62a8a9b8215a8de8d211"
  },
  {
    "id": "6289653632030@s.whatsapp.net",
    "name": "Sesssh",
    "time": "2025-06-10T08:43:34.135Z",
    "serial": "7fb30eb516b8a4aed538"
  },
  {
    "id": "6285880159507@s.whatsapp.net",
    "name": "magic CEES gok gok",
    "time": "2025-06-11T02:23:27.970Z",
    "serial": "92e215ab9255d607bdc2"
  },
  {
    "id": "6283104419651@s.whatsapp.net",
    "name": " ㅤㅤㅤ ㅤ ㅤㅤ ㅤㅤㅤ ㅤ ㅤㅤㅤㅤㅤ ㅤ ㅤ",
    "time": "2025-06-11T12:13:47.200Z",
    "serial": "4e366de45aec47a285d2"
  },
  {
    "id": "6281371698001@s.whatsapp.net",
    "name": "K",
    "time": "2025-06-11T12:15:46.105Z",
    "serial": "7d69c58ea91d6b25ce15"
  },
  {
    "id": "6285960204992@s.whatsapp.net",
    "name": "ayaa",
    "time": "2025-06-11T12:44:39.364Z",
    "serial": "67bd0e2670cea7681eeb"
  },
  {
    "id": "6283119660153@s.whatsapp.net",
    "name": "💥",
    "time": "2025-06-12T04:27:05.186Z",
    "serial": "91b64c9c1330284331bb"
  },
  {
    "id": "6285904462617@s.whatsapp.net",
    "name": "Harum",
    "time": "2025-06-13T03:09:05.609Z",
    "serial": "d5b3b4d18f32642d57a5"
  },
  {
    "id": "6282374650646@s.whatsapp.net",
    "name": "trabar mc",
    "time": "2025-06-13T14:20:21.513Z",
    "serial": "a0c3a7d2c76de7cdd128"
  },
  {
    "id": "6283117381793@s.whatsapp.net",
    "name": "Fauzi",
    "time": "2025-06-15T09:13:55.655Z",
    "serial": "8e632ee1beb2bab0d640"
  },
  {
    "id": "6283843929706@s.whatsapp.net",
    "name": ".",
    "time": "2025-06-15T09:22:12.576Z",
    "serial": "321a2b4a8484a0ea3ca5"
  },
  {
    "id": "6288989070745@s.whatsapp.net",
    "name": "R",
    "time": "2025-06-15T11:00:27.573Z",
    "serial": "64de51123db8c34758c9"
  },
  {
    "id": "6282130994143@s.whatsapp.net",
    "name": ".abdulganiiiii",
    "time": "2025-06-15T11:22:43.895Z",
    "serial": "253b90c666a162ad3a48"
  },
  {
    "id": "6283804346245@s.whatsapp.net",
    "name": "riyan",
    "time": "2025-06-16T05:03:47.871Z",
    "serial": "2104bea80c1e5f340eca"
  },
  {
    "id": "6285929150704@s.whatsapp.net",
    "name": "YaYa",
    "time": "2025-06-16T05:52:42.774Z",
    "serial": "a5f67d1466ae89fd2c87"
  },
  {
    "id": "6285135441066@s.whatsapp.net",
    "name": "abiemirald",
    "time": "2025-06-17T14:11:16.774Z",
    "serial": "9e9855d20faa00967062"
  },
  {
    "id": "6285959922159@s.whatsapp.net",
    "name": "<(• _ •)>",
    "time": "2025-06-17T18:06:17.424Z",
    "serial": "64996f28391bbb59b512"
  },
  {
    "id": "6285363278127@s.whatsapp.net",
    "name": "Yydzka",
    "time": "2025-06-18T15:25:58.069Z",
    "serial": "1188478441fc6d6db0b9"
  },
  {
    "id": "6283861957871@s.whatsapp.net",
    "name": "keyla",
    "time": "2025-06-18T17:39:14.558Z",
    "serial": "662f832745364c9d362a"
  },
  {
    "id": "6283136150720@s.whatsapp.net",
    "name": "han",
    "time": "2025-06-19T15:24:49.050Z",
    "serial": "5f958052f35562887939"
  },
  {
    "id": "6288276516494@s.whatsapp.net",
    "name": ".",
    "time": "2025-06-21T06:02:36.665Z",
    "serial": "9ad98e202e6b5acad0c7"
  },
  {
    "id": "6285795044885@s.whatsapp.net",
    "name": "kita reyhan",
    "time": "2025-06-22T03:38:10.006Z",
    "serial": "82aed6d33154d9d808d4"
  },
  {
    "id": "6285179789786@s.whatsapp.net",
    "name": ".",
    "time": "2025-06-24T09:25:14.047Z",
    "serial": "ab7627dc4d89dae61f39"
  },
  {
    "id": "6285759629435@s.whatsapp.net",
    "name": "bil bil",
    "time": "2025-06-25T15:28:27.803Z",
    "serial": "6fcbf1585dffa00b44cb"
  },
  {
    "id": "6283821354980@s.whatsapp.net",
    "name": "mekkkk",
    "time": "2025-06-27T11:56:40.642Z",
    "serial": "92bca08855b2c58a0541"
  },
  {
    "id": "6283182057791@s.whatsapp.net",
    "name": "Revan",
    "time": "2025-06-28T14:29:32.852Z",
    "serial": "b25ab1d88dc6263a55a9"
  },
  {
    "id": "6281226424047@s.whatsapp.net",
    "name": "麻雀が好き",
    "time": "2025-06-29T09:40:48.653Z",
    "serial": "744d1e5a15d74a4e6fe4"
  },
  {
    "id": "6283816714113@s.whatsapp.net",
    "name": "Rian",
    "time": "2025-06-30T04:21:08.747Z",
    "serial": "b87b51a18a5604fcdee3"
  },
  {
    "id": "6282334288660@s.whatsapp.net",
    "name": "d for dulz",
    "time": "2025-06-30T05:48:45.035Z",
    "serial": "df6349392e216a6c2ef4"
  },
  {
    "id": "6283849641821@s.whatsapp.net",
    "name": "iqbal",
    "time": "2025-06-30T06:13:31.513Z",
    "serial": "613af29367ef414ab856"
  },
  {
    "id": "6287726710256@s.whatsapp.net",
    "name": ".",
    "time": "2025-07-01T19:13:54.661Z",
    "serial": "986acafb6b60cda7e0fd"
  },
  {
    "id": "6281330963694@s.whatsapp.net",
    "name": "Giselle",
    "time": "2025-07-02T06:05:59.604Z",
    "serial": "10f01161e2fc1dbb643b"
  },
  {
    "id": "6281275673391@s.whatsapp.net",
    "name": ".",
    "time": "2025-07-03T00:31:26.216Z",
    "serial": "756f9b50ed0168338e5b"
  },
  {
    "id": "6283113102784@s.whatsapp.net",
    "name": "MISTER 109",
    "time": "2025-07-05T13:39:32.001Z",
    "serial": "b7c8167c506eea8e2958"
  },
  {
    "id": "6281270817514@s.whatsapp.net",
    "name": "Gwaaaaaaaaaaanda",
    "time": "2025-07-05T14:31:25.648Z",
    "serial": "ac4cc7489abbbacc9227"
  },
  {
    "id": "6283121433157@s.whatsapp.net",
    "name": "Xoo",
    "time": "2025-07-06T01:33:25.379Z",
    "serial": "2ca38a812e606f669d98"
  },
  {
    "id": "6285119468728@s.whatsapp.net",
    "name": "chiko",
    "time": "2025-07-06T04:41:21.839Z",
    "serial": "3f97ed9762eeb451bb41"
  },
  {
    "id": "6281392717132@s.whatsapp.net",
    "name": "Nyipto Nanda",
    "time": "2025-07-10T16:18:48.541Z",
    "serial": "a0e791e390075381936f"
  },
  {
    "id": "6283896235362@s.whatsapp.net",
    "name": "rjib1945",
    "time": "2025-07-12T08:36:45.687Z",
    "serial": "a227162d6a44576f6ad4"
  },
  {
    "id": "6289503964856@s.whatsapp.net",
    "name": "15 Ucl",
    "time": "2025-07-12T15:01:54.204Z",
    "serial": "e251740f2cedc1a12bf6"
  },
  {
    "id": "6283163466544@s.whatsapp.net",
    "name": "KENZO",
    "time": "2025-07-13T01:21:28.330Z",
    "serial": "62318830d913e099ae8a"
  },
  {
    "id": "6281262364199@s.whatsapp.net",
    "name": "YZA STORE",
    "time": "2025-07-13T04:56:25.207Z",
    "serial": "dbee2bc6a635d26485e0"
  },
  {
    "id": "6283172779074@s.whatsapp.net",
    "name": "Cheon YW",
    "time": "2025-07-14T07:37:31.179Z",
    "serial": "ad438b0414e67b25a97d"
  },
  {
    "id": "6285714340038@s.whatsapp.net",
    "name": "ahmad",
    "time": "2025-07-19T00:49:13.060Z",
    "serial": "f52ee5c1835f8bbe18ba"
  },
  {
    "id": "6285931286838@s.whatsapp.net",
    "name": "Jordi",
    "time": "2025-07-19T01:13:43.215Z",
    "serial": "94c5aa6087969f8e61ac"
  },
  {
    "id": "6283111399112@s.whatsapp.net",
    "name": "rn",
    "time": "2025-07-19T23:43:34.659Z",
    "serial": "2f278c5580754fdd085d"
  },
  {
    "id": "6285767077252@s.whatsapp.net",
    "name": "adiyt",
    "time": "2025-07-21T05:18:03.695Z",
    "serial": "f82c336aafeb44fca193"
  },
  {
    "id": "6283805017373@s.whatsapp.net",
    "name": "Dyno",
    "time": "2025-07-22T11:59:02.038Z",
    "serial": "bbae4468ffb36e38810c"
  },
  {
    "id": "6285602233797@s.whatsapp.net",
    "name": "mahmud",
    "time": "2025-07-24T14:13:41.355Z",
    "serial": "467618f8e6be5528441d"
  },
  {
    "id": "628883609680@s.whatsapp.net",
    "name": "Po",
    "time": "2025-07-25T10:18:20.958Z",
    "serial": "a6abec125c5b377d2e87"
  },
  {
    "id": "6283140128652@s.whatsapp.net",
    "name": "S U P U T R A",
    "time": "2025-07-25T13:27:31.789Z",
    "serial": "7147f752c44bfcb5f475"
  },
  {
    "id": "6283115039807@s.whatsapp.net",
    "name": "Pik😴😴😴",
    "time": "2025-07-26T22:55:31.179Z",
    "serial": "fc5ce1f6232cbae92149"
  },
  {
    "id": "6283183593158@s.whatsapp.net",
    "name": "Ferdy store🚀",
    "time": "2025-07-27T12:12:01.602Z",
    "serial": "2f5c7176db7a1d32ed7b"
  },
  {
    "id": "6283831131540@s.whatsapp.net",
    "name": "𝐢𝐚𝐧𝐬𝐲𝐡𝐩𝐮𝐭𝐫𝐚_𝟐𝟑𝟐𝟎𝟎𝟔.",
    "time": "2025-07-27T16:06:26.872Z",
    "serial": "4460495362cc0e66fee2"
  },
  {
    "id": "46407608180759@lid",
    "name": "YUDZXML OWNER",
    "time": "2025-07-29T12:55:06.834Z",
    "serial": "7c421fd8ed883f45bc37"
  },
  {
    "id": "136992713138391@lid",
    "name": "Ferdi S.D., S.M.p., S.M.k",
    "time": "2025-07-29T13:02:53.021Z",
    "serial": "93f1f05f1e006024bf3e"
  },
  {
    "id": "71786452512884@lid",
    "name": "W",
    "time": "2025-07-29T13:05:49.566Z",
    "serial": "65b24e1dac53e57bacfe"
  },
  {
    "id": "166434831335542@lid",
    "name": "Pik😴😴😴",
    "time": "2025-07-29T14:08:58.660Z",
    "serial": "d8d0a513d891a4a880d5"
  },
  {
    "id": "194802670948393@lid",
    "name": "Fajar Audi",
    "time": "2025-07-29T15:37:03.384Z",
    "serial": "1dd780c6f3aba4e2cc94"
  },
  {
    "id": "194686589386923@lid",
    "name": "ʜᴀɪᴋᴀʟ",
    "time": "2025-07-29T15:38:05.434Z",
    "serial": "3b6f2ef13ce290e58b77"
  },
  {
    "id": "206141887893543@lid",
    "name": "Ferdy store🚀",
    "time": "2025-07-29T16:33:06.439Z",
    "serial": "4cc330828bfa2daaa193"
  },
  {
    "id": "5145890959431@lid",
    "name": "SFY",
    "time": "2025-07-30T03:28:55.209Z",
    "serial": "fe367533d733af4b2808"
  },
  {
    "id": "16909907054608@lid",
    "name": "リン",
    "time": "2025-07-30T09:15:48.418Z",
    "serial": "c6c5ede217e151b4036f"
  },
  {
    "id": "130722245378078@lid",
    "name": "gtw cok",
    "time": "2025-07-30T10:59:48.291Z",
    "serial": "db1a881cbc2c4e01d71b"
  },
  {
    "id": "118013017772226@lid",
    "name": "𝐓𝐞𝐠𝐮𝐡 𝐒𝐮𝐰𝐚𝐧𝐝𝐢",
    "time": "2025-07-30T12:12:47.551Z",
    "serial": "eae7ea1c1c046a9ca0e0"
  },
  {
    "id": "166662162628678@lid",
    "name": "dual uzi hama bat asu🤬",
    "time": "2025-07-31T00:25:03.619Z",
    "serial": "402a6f14d55b8c9a2a9d"
  },
  {
    "id": "59559049711617@lid",
    "name": "chiko",
    "time": "2025-07-31T02:52:19.025Z",
    "serial": "28a74255022718ae7645"
  },
  {
    "id": "16677911719979@lid",
    "name": ".abdulganiiiii",
    "time": "2025-07-31T04:06:35.223Z",
    "serial": "3347817b7ee4968be05f"
  },
  {
    "id": "142876583457021@lid",
    "name": "Nyipto Nanda",
    "time": "2025-07-31T05:52:09.851Z",
    "serial": "a03c143ff311a0dfb27a"
  },
  {
    "id": "216093075439655@lid",
    "name": "midlaner",
    "time": "2025-07-31T08:19:56.153Z",
    "serial": "656b9a76f8f13ce0421a"
  },
  {
    "id": "147493673255077@lid",
    "name": "𝐕𝐢𝐚𝐧 𝐒𝐲𝐚𝐡𝐩𝐮𝐭𝐫𝐚.",
    "time": "2025-08-02T04:44:53.074Z",
    "serial": "b4cebb9a6534f58674ce"
  },
  {
    "id": "212391115649222@lid",
    "name": "mahmud",
    "time": "2025-08-02T22:44:06.786Z",
    "serial": "39111b77eae565cf4c3e"
  },
  {
    "id": "235433497735417@lid",
    "name": "ktkschu",
    "time": "2025-08-03T05:49:28.479Z",
    "serial": "a815bc89975a396c7b39"
  },
  {
    "id": "264527606243388@lid",
    "name": "Revan",
    "time": "2025-08-03T10:28:58.080Z",
    "serial": "6f5f2bc6ca1bdb58b371"
  },
  {
    "id": "34828594479222@lid",
    "name": "walid",
    "time": "2025-08-03T21:45:11.642Z",
    "serial": "515fc3918ff024b0e41f"
  },
  {
    "id": "102791871787138@lid",
    "name": "M",
    "time": "2025-08-04T00:27:42.285Z",
    "serial": "66374909522b27333b95"
  },
  {
    "id": "186088400384109@lid",
    "name": "Fall",
    "time": "2025-08-04T04:01:52.044Z",
    "serial": "4f867b75b52b0837933f"
  },
  {
    "id": "256121885487300@lid",
    "name": "Yukii〆",
    "time": "2025-08-04T12:32:34.154Z",
    "serial": "0fb7b2f0018c9bce8416"
  },
  {
    "id": "166945898893416@lid",
    "name": "𝕿𝖗𝖎 𝖕𝖊𝖓𝖞𝖚",
    "time": "2025-08-04T13:43:43.632Z",
    "serial": "0cf2738f7cdfc388c02a"
  },
  {
    "id": "79946538029281@lid",
    "name": "riyan",
    "time": "2025-08-05T10:43:02.679Z",
    "serial": "106769d9cdd1609a2b55"
  },
  {
    "id": "12408714211345@lid",
    "name": "CFY",
    "time": "2025-08-05T14:45:50.969Z",
    "serial": "bd5e3a26589c4ae829e1"
  },
  {
    "id": "125198330290425@lid",
    "name": "𝐙𝐢𝐥 𝐄𝐝𝐰𝐚𝐫𝐝𝐬",
    "time": "2025-08-05T15:40:28.909Z",
    "serial": "65b89cafad355afd20f9"
  },
  {
    "id": "76421024194810@lid",
    "name": "gky",
    "time": "2025-08-05T15:40:40.000Z",
    "serial": "e6d26294255bb1396897"
  },
  {
    "id": "136971154366510@lid",
    "name": "@NO CHT",
    "time": "2025-08-05T15:42:07.259Z",
    "serial": "5f0377ff2360b5b4822a"
  },
  {
    "id": "264965323763732@lid",
    "name": "Ripsz!?",
    "time": "2025-08-07T09:03:03.930Z",
    "serial": "9cfe03ab6785fa0c2f74"
  },
  {
    "id": "9260503183442@lid",
    "name": "X7 BOTZ",
    "time": "2025-08-08T12:59:40.121Z",
    "serial": "7b36faf5efddd52f2b68"
  },
  {
    "id": "176914434130040@lid",
    "name": "Aissz",
    "time": "2025-08-08T13:47:35.087Z",
    "serial": "8e4f01ab405cc0b31aaf"
  },
  {
    "id": "270389867454473@lid",
    "name": "Not Buggy",
    "time": "2025-08-08T17:44:25.638Z",
    "serial": "ab5ce9735ec8e3c259ed"
  },
  {
    "id": "175724426182844@lid",
    "name": "Sska",
    "time": "2025-08-10T02:18:38.794Z",
    "serial": "ce4c3917774161ca0bbc"
  },
  {
    "id": "273491001614532@lid",
    "name": "🫀",
    "time": "2025-08-10T03:27:45.140Z",
    "serial": "f0bd17fd8a9ccda319e1"
  },
  {
    "id": "205867026743298@lid",
    "name": "Kingsese",
    "time": "2025-08-10T07:53:07.166Z",
    "serial": "fbe14a9341d1adef1ba7"
  },
  {
    "id": "30795351736528@lid",
    "name": "Kost Tech",
    "time": "2025-08-10T09:54:41.387Z",
    "serial": "a094e3e56a4679a9d241"
  },
  {
    "id": "66585599447075@lid",
    "name": "•••",
    "time": "2025-08-10T12:53:14.906Z",
    "serial": "69e3efccda6adc90ebf7"
  },
  {
    "id": "226014181519518@lid",
    "name": "mister 109",
    "time": "2025-08-11T04:43:32.593Z",
    "serial": "95090ce584435571b6c5"
  },
  {
    "id": "117291899478028@lid",
    "name": "nico",
    "time": "2025-08-11T09:14:46.284Z",
    "serial": "44344165bbf2940e0c42"
  },
  {
    "id": "7950588477449@lid",
    "name": "jasa editor",
    "time": "2025-08-11T14:16:02.385Z",
    "serial": "6019ccb6c27c03be9ae2"
  },
  {
    "id": "118807989379112@lid",
    "name": "ZAKI",
    "time": "2025-08-11T14:30:04.760Z",
    "serial": "1e1ee8e3f87d4add7cde"
  },
  {
    "id": "141180171989234@lid",
    "name": "han",
    "time": "2025-08-13T10:49:04.460Z",
    "serial": "70c5b799c182d3c8987e"
  },
  {
    "id": "251543953649832@lid",
    "name": "admin 02",
    "time": "2025-08-14T11:49:55.629Z",
    "serial": "4d695e217c3305390404"
  },
  {
    "id": "259961653330154@lid",
    "name": "Akemi",
    "time": "2025-08-14T14:45:47.084Z",
    "serial": "971a0f2d329c5986be01"
  },
  {
    "id": "141291690188937@lid",
    "name": "ahmad",
    "time": "2025-08-15T06:06:09.906Z",
    "serial": "e5e6b709225730c03b29"
  },
  {
    "id": "204084632121469@lid",
    "name": "niya",
    "time": "2025-08-16T08:43:37.119Z",
    "serial": "f5836ca815f572298f34"
  },
  {
    "id": "243314662105152@lid",
    "name": "Jack27",
    "time": "2025-08-17T01:30:26.884Z",
    "serial": "60a38174a36e541e83d3"
  },
  {
    "id": "246411467714809@lid",
    "name": "Lyy",
    "time": "2025-08-17T04:18:26.879Z",
    "serial": "4280d01b94ac8598ff59"
  },
  {
    "id": "174139583279308@lid",
    "name": "rn",
    "time": "2025-08-17T06:11:47.524Z",
    "serial": "f7bd0706a34a8ec4c3e0"
  },
  {
    "id": "30653533954199@lid",
    "name": "ddi     ~all dev",
    "time": "2025-08-17T23:52:08.273Z",
    "serial": "3c5fe38572b73b453425"
  },
  {
    "id": "58428785475591@lid",
    "name": "...",
    "time": "2025-08-18T06:00:26.751Z",
    "serial": "7fadc43cc2dd76fbdd81"
  },
  {
    "id": "57570446287088@lid",
    "name": "Rassell Leo",
    "time": "2025-08-18T14:31:59.982Z",
    "serial": "53e0652b31b15e7dca2c"
  },
  {
    "id": "39844965281861@lid",
    "name": "Fauzi",
    "time": "2025-08-20T03:53:31.328Z",
    "serial": "23aef0cbdd78fa41ee88"
  },
  {
    "id": "31323364302867@lid",
    "name": "S U P U T R A",
    "time": "2025-08-24T05:56:14.029Z",
    "serial": "a9a7e6c25c47e681b489"
  },
  {
    "id": "239651122073745@lid",
    "name": "~×∆",
    "time": "2025-08-25T14:11:01.590Z",
    "serial": "73317ad310983bbe9f8a"
  },
  {
    "id": "45531552342209@lid",
    "name": "~Senpay Hennessy",
    "time": "2025-08-27T07:12:00.121Z",
    "serial": "7935832b82f617c8edc5"
  },
  {
    "id": "178593497907394@lid",
    "name": "Axl",
    "time": "2025-08-27T07:14:55.108Z",
    "serial": "f9de77e9250554ec64be"
  },
  {
    "id": "267408975655079@lid",
    "name": "Mareee",
    "time": "2025-08-27T07:15:15.987Z",
    "serial": "c6862beca4d261e562fa"
  },
  {
    "id": "2779179397347@lid",
    "name": "tirzyyy",
    "time": "2025-08-27T07:17:12.552Z",
    "serial": "3a0987f1b41d71bb0db3"
  },
  {
    "id": "219494303695096@lid",
    "name": "Ananta Dion",
    "time": "2025-08-27T08:29:08.980Z",
    "serial": "a481044bc5ee5fc04a7f"
  },
  {
    "id": "24971325739056@lid",
    "name": "~Drooo Hennessy 🫧",
    "time": "2025-08-27T08:29:41.189Z",
    "serial": "7f41026e17985f464852"
  },
  {
    "id": "52334310740073@lid",
    "name": ".",
    "time": "2025-08-27T08:30:10.970Z",
    "serial": "de8781ee11e3ee4caef9"
  },
  {
    "id": "19696904601853@lid",
    "name": ".",
    "time": "2025-08-27T08:31:40.771Z",
    "serial": "f7116845be00f4fa8b35"
  },
  {
    "id": "261108510289942@lid",
    "name": "sekiya",
    "time": "2025-08-28T02:08:56.627Z",
    "serial": "d83bd405f377a1813462"
  },
  {
    "id": "118773679939638@lid",
    "name": "stecu",
    "time": "2025-08-28T04:42:31.155Z",
    "serial": "5c8d9f7eef8713705abe"
  },
  {
    "id": "209779188306054@lid",
    "name": "Arcvour.",
    "time": "2025-08-28T13:43:45.547Z",
    "serial": "a02900204232149ec732"
  },
  {
    "id": "102959291588808@lid",
    "name": "Mhd Rezki",
    "time": "2025-08-28T14:54:49.680Z",
    "serial": "b9a508630d21551f1255"
  },
  {
    "id": "108117648011367@lid",
    "name": "Branzz",
    "time": "2025-08-28T15:01:24.698Z",
    "serial": "524d3fbf7f25af0a721e"
  },
  {
    "id": "28643707338938@lid",
    "name": "geloboy",
    "time": "2025-08-28T18:52:30.778Z",
    "serial": "a8b9077c402f01890965"
  },
  {
    "id": "200815692275959@lid",
    "name": "Yudzxml",
    "time": "2025-08-29T11:21:22.556Z",
    "serial": "76503e1fdd0f097d8dde"
  },
  {
    "id": "118605991661794@lid",
    "name": "XyrooRynzz",
    "time": "2025-08-29T17:46:35.284Z",
    "serial": "ab10a73f67c3e8ea6f61"
  },
  {
    "id": "3367774462190@lid",
    "name": "ran",
    "time": "2025-08-30T09:16:39.096Z",
    "serial": "2f12fdd423fbf7168e3c"
  },
  {
    "id": "6282249910664@s.whatsapp.net",
    "name": "ran",
    "time": "2025-08-30T09:22:31.913Z",
    "serial": "3e0d1bc85b8e5aaec3ce"
  },
  {
    "id": "177696034279679@lid",
    "name": "rell",
    "time": "2025-08-30T11:13:42.291Z",
    "serial": "3bbeeb567378566ce2df"
  },
  {
    "id": "5240212439107@lid",
    "name": "Raa",
    "time": "2025-08-30T14:05:15.781Z",
    "serial": "f6efa907193d57b0a078"
  },
  {
    "id": "91285738229773@lid",
    "name": "kyy",
    "time": "2025-09-01T11:45:52.691Z",
    "serial": "99561ba98c54faaee8a5"
  },
  {
    "id": "29751339126816@lid",
    "name": "bunny",
    "time": "2025-09-01T11:46:01.793Z",
    "serial": "3ad166d3b8ba547aaf1a"
  },
  {
    "id": "153154909917420@lid",
    "name": "CclyImHennessy",
    "time": "2025-09-01T11:48:32.071Z",
    "serial": "cce609440bf51b038af1"
  },
  {
    "id": "71850692477126@lid",
    "name": "acel",
    "time": "2025-09-01T12:48:23.995Z",
    "serial": "196527b2a0a96bda63e8"
  },
  {
    "id": "109990421471255@lid",
    "name": "axel's",
    "time": "2025-09-01T12:57:24.972Z",
    "serial": "c80fe04b41170e932adf"
  },
  {
    "id": "230627009949799@lid",
    "name": "🕉️",
    "time": "2025-09-01T14:29:57.437Z",
    "serial": "def5b3f662a1a978bc9d"
  },
  {
    "id": "274169287676068@lid",
    "name": "Ape'",
    "time": "2025-09-01T14:57:27.367Z",
    "serial": "8c6c6d0e408095173d37"
  },
  {
    "id": "2272188731433@lid",
    "name": "KoBelHennessy",
    "time": "2025-09-02T06:37:20.545Z",
    "serial": "81e46b6c303211cb0047"
  },
  {
    "id": "208774535057585@lid",
    "name": "cesi queen yapping '⛧",
    "time": "2025-09-02T13:52:40.854Z",
    "serial": "7d5a4b67e5862841e6ff"
  },
  {
    "id": "276553447555298@lid",
    "name": "— Rés",
    "time": "2025-09-02T16:24:43.783Z",
    "serial": "74b977704a0fb2aea3e9"
  },
  {
    "id": "11386042228846@lid",
    "name": "franca",
    "time": "2025-09-02T16:24:55.543Z",
    "serial": "24fa06e0ebfa8ba7a383"
  },
  {
    "id": "130404099043548@lid",
    "name": "Lengg",
    "time": "2025-09-02T16:25:03.026Z",
    "serial": "44f0db6dbd4373ca5380"
  },
  {
    "id": "24499131002920@lid",
    "name": "mnjiehennsy",
    "time": "2025-09-02T16:27:29.496Z",
    "serial": "671e1af96a64cee848c2"
  },
  {
    "id": "210411085422734@lid",
    "name": "ZukoHennessy",
    "time": "2025-09-02T16:41:51.905Z",
    "serial": "72ae6ad94e68905af640"
  },
  {
    "id": "91826602151945@lid",
    "name": "iDexx",
    "time": "2025-09-02T16:56:56.035Z",
    "serial": "bc482fa1219783b0f0b2"
  },
  {
    "id": "194979200798747@lid",
    "name": "jhey",
    "time": "2025-09-02T17:00:25.539Z",
    "serial": "d98f1d5cbd07df467139"
  },
  {
    "id": "18447035551869@lid",
    "name": "Yosua Nimrot Panjaitan",
    "time": "2025-09-03T03:31:07.086Z",
    "serial": "40c6ee7b93e4fb3a5987"
  }
]