{
  "120363315618102700@g.us": [
    {
      "user_id": "6283872031397@s.whatsapp.net",
      "tanggal": "27-08-2024",
      "timestamp": 1727500752379
    },
    {
      "user_id": "6285960204996@s.whatsapp.net",
      "tanggal": "31-08-2024",
      "timestamp": 1727454634446
    },
    {
      "user_id": "6281275673391@s.whatsapp.net",
      "tanggal": "31-08-2024",
      "timestamp": 1727431121196
    },
    {
      "user_id": "6283170146663@s.whatsapp.net",
      "tanggal": "31-08-2024",
      "timestamp": 1726572748172
    },
    {
      "user_id": "6283854620462@s.whatsapp.net",
      "tanggal": "31-08-2024",
      "timestamp": 1727492491205
    },
    {
      "user_id": "6282240161429@s.whatsapp.net",
      "tanggal": "31-08-2024",
      "timestamp": 1725109805036
    },
    {
      "user_id": "6283140700031@s.whatsapp.net",
      "tanggal": "31-08-2024",
      "timestamp": 1727507391338
    },
    {
      "user_id": "6283111549714@s.whatsapp.net",
      "tanggal": "31-08-2024",
      "timestamp": 1726377294789
    },
    {
      "user_id": "6281372520677@s.whatsapp.net",
      "tanggal": "31-08-2024",
      "timestamp": 1727486554654
    },
    {
      "user_id": "6281779263686@s.whatsapp.net",
      "tanggal": "31-08-2024",
      "timestamp": 1725446856563
    },
    {
      "user_id": "6283856811995@s.whatsapp.net",
      "tanggal": "31-08-2024",
      "timestamp": 1725932110006
    },
    {
      "user_id": "6283831214213@s.whatsapp.net",
      "tanggal": "31-08-2024",
      "timestamp": 1727504471579
    },
    {
      "user_id": "6283856812025@s.whatsapp.net",
      "tanggal": "31-08-2024",
      "timestamp": 1725759230342
    },
    {
      "user_id": "6288989070745@s.whatsapp.net",
      "tanggal": "31-08-2024",
      "timestamp": 1726479347707
    },
    {
      "user_id": "6285863951716@s.whatsapp.net",
      "tanggal": "31-08-2024",
      "timestamp": 1726491686071
    },
    {
      "user_id": "62895326429092@s.whatsapp.net",
      "tanggal": "31-08-2024",
      "timestamp": 1726294115194
    },
    {
      "user_id": "6283136150720@s.whatsapp.net",
      "tanggal": "31-08-2024",
      "timestamp": 1727179799453
    },
    {
      "user_id": "6285928312263@s.whatsapp.net",
      "tanggal": "01-09-2024",
      "timestamp": 1727451818279
    },
    {
      "user_id": "6283836226454@s.whatsapp.net",
      "tanggal": "01-09-2024",
      "timestamp": 1725132166584
    },
    {
      "user_id": "6283849316695@s.whatsapp.net",
      "tanggal": "01-09-2024",
      "timestamp": 1725154544599
    },
    {
      "user_id": "6285718364366@s.whatsapp.net",
      "tanggal": "01-09-2024",
      "timestamp": 1727066121538
    },
    {
      "user_id": "62882020508675@s.whatsapp.net",
      "tanggal": "01-09-2024",
      "timestamp": 1727359961320
    },
    {
      "user_id": "6281270817514@s.whatsapp.net",
      "tanggal": "01-09-2024",
      "timestamp": 1727493012345
    },
    {
      "user_id": "6283115421180@s.whatsapp.net",
      "tanggal": "02-09-2024",
      "timestamp": 1727429258361
    },
    {
      "user_id": "6285748599212@s.whatsapp.net",
      "tanggal": "02-09-2024",
      "timestamp": 1725245075579
    },
    {
      "user_id": "6287863856519@s.whatsapp.net",
      "tanggal": "02-09-2024",
      "timestamp": 1726207385687
    },
    {
      "user_id": "6283105730657@s.whatsapp.net",
      "tanggal": "02-09-2024",
      "timestamp": 1727182520048
    },
    {
      "user_id": "6283842751132@s.whatsapp.net",
      "tanggal": "02-09-2024",
      "timestamp": 1727456382409
    },
    {
      "user_id": "6283861163950@s.whatsapp.net",
      "tanggal": "02-09-2024",
      "timestamp": 1725288758080
    },
    {
      "user_id": "6285294844527@s.whatsapp.net",
      "tanggal": "03-09-2024",
      "timestamp": 1725323962983
    },
    {
      "user_id": "6285778845755@s.whatsapp.net",
      "tanggal": "03-09-2024",
      "timestamp": 1727247348128
    },
    {
      "user_id": "6283800950102@s.whatsapp.net",
      "tanggal": "03-09-2024",
      "timestamp": 1726557764938
    },
    {
      "user_id": "6287775705096@s.whatsapp.net",
      "tanggal": "03-09-2024",
      "timestamp": 1725544605885
    },
    {
      "user_id": "6283110664611@s.whatsapp.net",
      "tanggal": "03-09-2024",
      "timestamp": 1726429344551
    },
    {
      "user_id": "6285794548535@s.whatsapp.net",
      "tanggal": "04-09-2024",
      "timestamp": 1725421012890
    },
    {
      "user_id": "6282169139080@s.whatsapp.net",
      "tanggal": "04-09-2024",
      "timestamp": 1727467278027
    },
    {
      "user_id": "6283856812002@s.whatsapp.net",
      "tanggal": "05-09-2024",
      "timestamp": 1727494619656
    },
    {
      "user_id": "6285220134328@s.whatsapp.net",
      "tanggal": "05-09-2024",
      "timestamp": 1725514139740
    },
    {
      "user_id": "6283872030059@s.whatsapp.net",
      "tanggal": "05-09-2024",
      "timestamp": 1725519048224
    },
    {
      "user_id": "6283173855709@s.whatsapp.net",
      "tanggal": "08-09-2024",
      "timestamp": 1727346564687
    },
    {
      "user_id": "6287735429936@s.whatsapp.net",
      "tanggal": "08-09-2024",
      "timestamp": 1726235589342
    },
    {
      "user_id": "6283124228455@s.whatsapp.net",
      "tanggal": "08-09-2024",
      "timestamp": 1726498549976
    },
    {
      "user_id": "6283173413069@s.whatsapp.net",
      "tanggal": "08-09-2024",
      "timestamp": 1727345751337
    },
    {
      "user_id": "628568519176@s.whatsapp.net",
      "tanggal": "11-09-2024",
      "timestamp": 1726566996892
    },
    {
      "user_id": "6289515412849@s.whatsapp.net",
      "tanggal": "11-09-2024",
      "timestamp": 1727478532435
    },
    {
      "user_id": "6288279860522@s.whatsapp.net",
      "tanggal": "11-09-2024",
      "timestamp": 1727267465368
    },
    {
      "user_id": "6283143847476@s.whatsapp.net",
      "tanggal": "12-09-2024",
      "timestamp": 1726285538381
    },
    {
      "user_id": "6285272896473@s.whatsapp.net",
      "tanggal": "13-09-2024",
      "timestamp": 1727338274181
    },
    {
      "user_id": "62895389558313@s.whatsapp.net",
      "tanggal": "13-09-2024",
      "timestamp": 1727426284426
    },
    {
      "user_id": "6287761544595@s.whatsapp.net",
      "tanggal": "14-09-2024",
      "timestamp": 1726331186732
    },
    {
      "user_id": "601159754638@s.whatsapp.net",
      "tanggal": "15-09-2024",
      "timestamp": 1726338363458
    },
    {
      "user_id": "6283819119299@s.whatsapp.net",
      "tanggal": "15-09-2024",
      "timestamp": 1726567753659
    },
    {
      "user_id": "628980179223@s.whatsapp.net",
      "tanggal": "15-09-2024",
      "timestamp": 1726396591610
    },
    {
      "user_id": "6281775165792@s.whatsapp.net",
      "tanggal": "15-09-2024",
      "timestamp": 1726566149629
    },
    {
      "user_id": "6283896437398@s.whatsapp.net",
      "tanggal": "16-09-2024",
      "timestamp": 1726559763241
    },
    {
      "user_id": "6283103716251@s.whatsapp.net",
      "tanggal": "16-09-2024",
      "timestamp": 1727356296643
    },
    {
      "user_id": "6283176483405@s.whatsapp.net",
      "tanggal": "16-09-2024",
      "timestamp": 1726534438994
    },
    {
      "user_id": "6283872979916@s.whatsapp.net",
      "tanggal": "17-09-2024",
      "timestamp": 1726553605286
    },
    {
      "user_id": "6283804079710@s.whatsapp.net",
      "tanggal": "17-09-2024",
      "timestamp": 1726574580961
    },
    {
      "user_id": "6283195979606@s.whatsapp.net",
      "tanggal": "22-09-2024",
      "timestamp": 1727508535053
    },
    {
      "user_id": "6283856811991@s.whatsapp.net",
      "tanggal": "22-09-2024",
      "timestamp": 1727010323526
    },
    {
      "user_id": "6285932028061@s.whatsapp.net",
      "tanggal": "22-09-2024",
      "timestamp": 1727511202870
    },
    {
      "user_id": "6285870315490@s.whatsapp.net",
      "tanggal": "22-09-2024",
      "timestamp": 1727433276101
    },
    {
      "user_id": "6283875195470@s.whatsapp.net",
      "tanggal": "23-09-2024",
      "timestamp": 1727030346413
    },
    {
      "user_id": "6285835076629@s.whatsapp.net",
      "tanggal": "23-09-2024",
      "timestamp": 1727495147043
    },
    {
      "user_id": "6287815931949@s.whatsapp.net",
      "tanggal": "23-09-2024",
      "timestamp": 1727355957412
    },
    {
      "user_id": "6287760053135@s.whatsapp.net",
      "tanggal": "23-09-2024",
      "timestamp": 1727426953788
    },
    {
      "user_id": "6283111431422@s.whatsapp.net",
      "tanggal": "23-09-2024",
      "timestamp": 1727076248965
    },
    {
      "user_id": "6281774167299@s.whatsapp.net",
      "tanggal": "24-09-2024",
      "timestamp": 1727149629947
    },
    {
      "user_id": "6283192080450@s.whatsapp.net",
      "tanggal": "24-09-2024",
      "timestamp": 1727505252538
    },
    {
      "user_id": "6283178026972@s.whatsapp.net",
      "tanggal": "24-09-2024",
      "timestamp": 1727437292471
    },
    {
      "user_id": "6283132688590@s.whatsapp.net",
      "tanggal": "24-09-2024",
      "timestamp": 1727507699545
    },
    {
      "user_id": "6283825301607@s.whatsapp.net",
      "tanggal": "24-09-2024",
      "timestamp": 1727187614858
    },
    {
      "user_id": "6285788179419@s.whatsapp.net",
      "tanggal": "24-09-2024",
      "timestamp": 1727192320521
    },
    {
      "user_id": "6287892147017@s.whatsapp.net",
      "tanggal": "24-09-2024",
      "timestamp": 1727511869687
    },
    {
      "user_id": "6287767426903@s.whatsapp.net",
      "tanggal": "24-09-2024",
      "timestamp": 1727480199310
    },
    {
      "user_id": "6285788337959@s.whatsapp.net",
      "tanggal": "24-09-2024",
      "timestamp": 1727344168530
    },
    {
      "user_id": "6285709628045@s.whatsapp.net",
      "tanggal": "25-09-2024",
      "timestamp": 1727245814968
    },
    {
      "user_id": "628893653210@s.whatsapp.net",
      "tanggal": "25-09-2024",
      "timestamp": 1727273919347
    },
    {
      "user_id": "6283842638087@s.whatsapp.net",
      "tanggal": "25-09-2024",
      "timestamp": 1727508289727
    },
    {
      "user_id": "6282172659464@s.whatsapp.net",
      "tanggal": "25-09-2024",
      "timestamp": 1727440999031
    },
    {
      "user_id": "6285256833258@s.whatsapp.net",
      "tanggal": "25-09-2024",
      "timestamp": 1727508111456
    },
    {
      "user_id": "6289653632030@s.whatsapp.net",
      "tanggal": "25-09-2024",
      "timestamp": 1727363326661
    },
    {
      "user_id": "6283866870551@s.whatsapp.net",
      "tanggal": "26-09-2024",
      "timestamp": 1727484520155
    },
    {
      "user_id": "916283317337@s.whatsapp.net",
      "tanggal": "26-09-2024",
      "timestamp": 1727345155157
    },
    {
      "user_id": "6281546783561@s.whatsapp.net",
      "tanggal": "27-09-2024",
      "timestamp": 1727449468776
    },
    {
      "user_id": "6282170617169@s.whatsapp.net",
      "tanggal": "27-09-2024",
      "timestamp": 1727508468750
    },
    {
      "user_id": "6283142036946@s.whatsapp.net",
      "tanggal": "27-09-2024",
      "timestamp": 1727456006653
    },
    {
      "user_id": "6282258709487@s.whatsapp.net",
      "tanggal": "28-09-2024",
      "timestamp": 1727478408811
    }
  ],
  "120363301049232560@g.us": [
    {
      "user_id": "6283872031397@s.whatsapp.net",
      "tanggal": "27-08-2024",
      "timestamp": 1724758549057
    }
  ],
  "120363316488823681@g.us": [
    {
      "user_id": "6283872031397@s.whatsapp.net",
      "tanggal": "28-08-2024",
      "timestamp": 1727429505537
    },
    {
      "user_id": "6289508968439@s.whatsapp.net",
      "tanggal": "31-08-2024",
      "timestamp": 1725978145939
    },
    {
      "user_id": "6281275673391@s.whatsapp.net",
      "tanggal": "01-09-2024",
      "timestamp": 1727511636607
    },
    {
      "user_id": "6285363278127@s.whatsapp.net",
      "tanggal": "05-09-2024",
      "timestamp": 1725547835517
    }
  ],
  "120363153310320288@g.us": [
    {
      "user_id": "6281275673391@s.whatsapp.net",
      "tanggal": "31-08-2024",
      "timestamp": 1727509421629
    },
    {
      "user_id": "6281374722133@s.whatsapp.net",
      "tanggal": "31-08-2024",
      "timestamp": 1725277627468
    },
    {
      "user_id": "6281374249708@s.whatsapp.net",
      "tanggal": "01-09-2024",
      "timestamp": 1725171126623
    },
    {
      "user_id": "6282268269658@s.whatsapp.net",
      "tanggal": "02-09-2024",
      "timestamp": 1725277472437
    },
    {
      "user_id": "6282284912294@s.whatsapp.net",
      "tanggal": "02-09-2024",
      "timestamp": 1727070894830
    },
    {
      "user_id": "6289630976362@s.whatsapp.net",
      "tanggal": "26-09-2024",
      "timestamp": 1727358171344
    }
  ],
  "120363336666934987@g.us": [
    {
      "user_id": "6281536831015@s.whatsapp.net",
      "tanggal": "15-09-2024",
      "timestamp": 1726334083829
    },
    {
      "user_id": "6283872031397@s.whatsapp.net",
      "tanggal": "15-09-2024",
      "timestamp": 1727169707606
    },
    {
      "user_id": "6283850585908@s.whatsapp.net",
      "tanggal": "23-09-2024",
      "timestamp": 1727161310306
    },
    {
      "user_id": "6281275673600@s.whatsapp.net",
      "tanggal": "24-09-2024",
      "timestamp": 1727169797187
    },
    {
      "user_id": "6285964150468@s.whatsapp.net",
      "tanggal": "24-09-2024",
      "timestamp": 1727172047643
    }
  ],
  "120363314565003342@g.us": [
    {
      "user_id": "6283872031397@s.whatsapp.net",
      "tanggal": "15-09-2024",
      "timestamp": 1727427919230
    },
    {
      "user_id": "6285760603043@s.whatsapp.net",
      "tanggal": "15-09-2024",
      "timestamp": 1726371088345
    },
    {
      "user_id": "6283136150720@s.whatsapp.net",
      "tanggal": "15-09-2024",
      "timestamp": 1727328765336
    },
    {
      "user_id": "6283173855709@s.whatsapp.net",
      "tanggal": "15-09-2024",
      "timestamp": 1726371639244
    },
    {
      "user_id": "6283856812002@s.whatsapp.net",
      "tanggal": "15-09-2024",
      "timestamp": 1727159107484
    },
    {
      "user_id": "6282286537997@s.whatsapp.net",
      "tanggal": "15-09-2024",
      "timestamp": 1726392104476
    },
    {
      "user_id": "6281536831015@s.whatsapp.net",
      "tanggal": "15-09-2024",
      "timestamp": 1727191792129
    },
    {
      "user_id": "6283856812025@s.whatsapp.net",
      "tanggal": "16-09-2024",
      "timestamp": 1726552462864
    },
    {
      "user_id": "6285960204996@s.whatsapp.net",
      "tanggal": "16-09-2024",
      "timestamp": 1726441099892
    },
    {
      "user_id": "6283143847476@s.whatsapp.net",
      "tanggal": "17-09-2024",
      "timestamp": 1727024667871
    },
    {
      "user_id": "6282223058068@s.whatsapp.net",
      "tanggal": "23-09-2024",
      "timestamp": 1727089983630
    },
    {
      "user_id": "6285137290975@s.whatsapp.net",
      "tanggal": "24-09-2024",
      "timestamp": 1727120965348
    },
    {
      "user_id": "6285256833258@s.whatsapp.net",
      "tanggal": "24-09-2024",
      "timestamp": 1727159240244
    }
  ],
  "120363229320739884@g.us": [
    {
      "user_id": "6283136150720@s.whatsapp.net",
      "tanggal": "22-09-2024",
      "timestamp": 1727510616748
    },
    {
      "user_id": "6283861104956@s.whatsapp.net",
      "tanggal": "22-09-2024",
      "timestamp": 1727022492957
    },
    {
      "user_id": "6282213392815@s.whatsapp.net",
      "tanggal": "24-09-2024",
      "timestamp": 1727179209681
    },
    {
      "user_id": "6283872031397@s.whatsapp.net",
      "tanggal": "24-09-2024",
      "timestamp": 1727186579458
    },
    {
      "user_id": "6283838756936@s.whatsapp.net",
      "tanggal": "28-09-2024",
      "timestamp": 1727494803690
    }
  ],
  "120363418971054612@g.us": [
    {
      "user_id": "46407608180759@lid",
      "tanggal": "30-08-2025",
      "timestamp": 1756637120141
    }
  ]
}