{
  "6283117381793@s.whatsapp.net": {
    "limit": 28,
    "money": 0,
    "level_user": 1,
    "level_cache": 3,
    "lastReset": 1751897174711
  },
  "6285960204996@s.whatsapp.net": {
    "limit": 30,
    "money": 0,
    "level_user": 329,
    "level_cache": 65
  },
  "6281226424047@s.whatsapp.net": {
    "limit": 28,
    "money": 0,
    "level_user": 1,
    "level_cache": 2,
    "lastReset": 1751897542636
  },
  "6283890838558@s.whatsapp.net": {
    "limit": 29,
    "money": 0,
    "level_user": 1,
    "level_cache": 6,
    "lastReset": 1753416077566
  },
  "6283825301607@s.whatsapp.net": {
    "limit": 29,
    "money": 0,
    "level_user": 1,
    "level_cache": 52,
    "lastReset": 1753717365284
  },
  "6282267945856@s.whatsapp.net": {
    "limit": 30,
    "money": 0,
    "level_user": 1,
    "level_cache": 44
  },
  "6283110664611@s.whatsapp.net": {
    "limit": 28,
    "money": 0,
    "level_user": 1,
    "level_cache": 23,
    "lastReset": 1753420444261
  },
  "6283866430321@s.whatsapp.net": {
    "limit": 26,
    "money": 0,
    "level_user": 2,
    "level_cache": 16,
    "lastReset": 1753711674945
  },
  "6288980328783@s.whatsapp.net": {
    "limit": 29,
    "money": 0,
    "level_user": 1,
    "level_cache": 76,
    "lastReset": 1753763863728
  },
  "6282125718426@s.whatsapp.net": {
    "limit": 30,
    "money": 0,
    "level_user": 4,
    "level_cache": 12
  },
  "6283872031397@s.whatsapp.net": {
    "limit": 30,
    "money": 20,
    "level_user": 14,
    "level_cache": 77,
    "lastReset": 1756628328467
  },
  "6288740715432@s.whatsapp.net": {
    "limit": 29,
    "money": 0,
    "level_user": 1,
    "level_cache": 65,
    "lastReset": 1753785558223
  },
  "6285929150704@s.whatsapp.net": {
    "limit": 29,
    "money": 0,
    "level_user": 1,
    "level_cache": 4,
    "lastReset": 1753443753847
  },
  "6283105730657@s.whatsapp.net": {
    "limit": 25,
    "money": 0,
    "level_user": 1,
    "level_cache": 76,
    "lastReset": 1753719053962
  },
  "6283861957871@s.whatsapp.net": {
    "limit": 26,
    "money": 0,
    "level_user": 1,
    "level_cache": 52,
    "lastReset": 1753711787480
  },
  "6283845667944@s.whatsapp.net": {
    "limit": 30,
    "money": 0,
    "level_user": 1,
    "level_cache": 4
  },
  "6283807060653@s.whatsapp.net": {
    "limit": 30,
    "money": 0,
    "level_user": 1,
    "level_cache": 2
  },
  "6285256833258@s.whatsapp.net": {
    "limit": 28,
    "money": 0,
    "level_user": 1,
    "level_cache": 86,
    "lastReset": 1753548541319
  },
  "6283826760527@s.whatsapp.net": {
    "limit": 30,
    "money": 0,
    "level_user": 1,
    "level_cache": 2
  },
  "6285890164874@s.whatsapp.net": {
    "limit": 29,
    "money": 0,
    "level_user": 1,
    "level_cache": 46,
    "lastReset": 1753775045882
  },
  "6281952516612@s.whatsapp.net": {
    "limit": 30,
    "money": 0,
    "level_user": 1,
    "level_cache": 70
  },
  "62882010504656@s.whatsapp.net": {
    "limit": 30,
    "money": 0,
    "level_user": 1,
    "level_cache": 1
  },
  "6285960204992@s.whatsapp.net": {
    "limit": 29,
    "money": 0,
    "level_user": 1,
    "level_cache": 5,
    "lastReset": 1753439015418
  },
  "6282227784110@s.whatsapp.net": {
    "limit": 29,
    "money": 0,
    "level_user": 1,
    "level_cache": 43,
    "lastReset": 1753401458454
  },
  "6283819119791@s.whatsapp.net": {
    "limit": 29,
    "money": 0,
    "level_user": 1,
    "level_cache": 35,
    "lastReset": 1753770246514
  },
  "6285959922159@s.whatsapp.net": {
    "limit": 26,
    "money": 0,
    "level_user": 1,
    "level_cache": 47,
    "lastReset": 1752865670409
  },
  "6283113102784@s.whatsapp.net": {
    "limit": 28,
    "money": 25,
    "level_user": 2,
    "level_cache": 7,
    "lastReset": 1752837289690
  },
  "6283874938190@s.whatsapp.net": {
    "limit": 30,
    "money": 0,
    "level_user": 1,
    "level_cache": 83
  },
  "62881012120471@s.whatsapp.net": {
    "limit": 30,
    "money": 0,
    "level_user": 1,
    "level_cache": 1
  },
  "6285767856210@s.whatsapp.net": {
    "limit": 30,
    "money": 0,
    "level_user": 1,
    "level_cache": 4
  },
  "6285715563579@s.whatsapp.net": {
    "limit": 29,
    "money": 0,
    "level_user": 1,
    "level_cache": 10,
    "lastReset": 1753508081781
  },
  "6285169754804@s.whatsapp.net": {
    "limit": 29,
    "money": 0,
    "level_user": 1,
    "level_cache": 4,
    "lastReset": 1753684374344
  },
  "6283804346245@s.whatsapp.net": {
    "limit": 31,
    "money": 0,
    "level_user": 1,
    "level_cache": 9,
    "lastReset": 1753411013936
  },
  "212703553793@s.whatsapp.net": {
    "limit": 29,
    "money": 0,
    "level_user": 10,
    "level_cache": 73,
    "lastReset": 1753552612127
  },
  "6281573150201@s.whatsapp.net": {
    "limit": 28,
    "money": 0,
    "level_user": 1,
    "level_cache": 12,
    "lastReset": 1753539611204
  },
  "6287767426903@s.whatsapp.net": {
    "limit": 29,
    "money": 0,
    "level_user": 1,
    "level_cache": 17,
    "lastReset": 1753695778517
  },
  "6283896437398@s.whatsapp.net": {
    "limit": 28,
    "money": 0,
    "level_user": 1,
    "level_cache": 14,
    "lastReset": 1753685577216
  },
  "6283854620462@s.whatsapp.net": {
    "limit": 28,
    "money": 0,
    "level_user": 4,
    "level_cache": 60,
    "lastReset": 1753654644234
  },
  "6283182057791@s.whatsapp.net": {
    "limit": 29,
    "money": 0,
    "level_user": 1,
    "level_cache": 14,
    "lastReset": 1753665061966
  },
  "6283199952189@s.whatsapp.net": {
    "limit": 30,
    "money": 0,
    "level_user": 1,
    "level_cache": 1
  },
  "6285943081926@s.whatsapp.net": {
    "limit": 28,
    "money": 0,
    "level_user": 2,
    "level_cache": 52,
    "lastReset": 1753755522277
  },
  "6282374650646@s.whatsapp.net": {
    "limit": 30,
    "money": 0,
    "level_user": 1,
    "level_cache": 30
  },
  "6289515412849@s.whatsapp.net": {
    "limit": 35,
    "money": 0,
    "level_user": 1,
    "level_cache": 10,
    "lastReset": 1752511247939
  },
  "6283875195470@s.whatsapp.net": {
    "limit": 28,
    "money": 0,
    "level_user": 1,
    "level_cache": 3,
    "lastReset": 1753021691882
  },
  "6281270817514@s.whatsapp.net": {
    "limit": 26,
    "money": 0,
    "level_user": 1,
    "level_cache": 30,
    "lastReset": 1753668941324
  },
  "6285820323657@s.whatsapp.net": {
    "limit": 30,
    "money": 0,
    "level_user": 1,
    "level_cache": 4
  },
  "6285880159507@s.whatsapp.net": {
    "limit": 29,
    "money": 20,
    "level_user": 1,
    "level_cache": 25,
    "lastReset": 1753021321827
  },
  "6281371698001@s.whatsapp.net": {
    "limit": 29,
    "money": 0,
    "level_user": 1,
    "level_cache": 1,
    "lastReset": 1752082930812
  },
  "6283831131540@s.whatsapp.net": {
    "limit": 27,
    "money": 0,
    "level_user": 2,
    "level_cache": 22,
    "lastReset": 1753697776352
  },
  "6283876951471@s.whatsapp.net": {
    "limit": 29,
    "money": 0,
    "level_user": 1,
    "level_cache": 12,
    "lastReset": 1753751447072
  },
  "6281223533640@s.whatsapp.net": {
    "limit": 30,
    "money": 0,
    "level_user": 1,
    "level_cache": 2
  },
  "6283157122107@s.whatsapp.net": {
    "limit": 29,
    "money": 0,
    "level_user": 1,
    "level_cache": 13,
    "lastReset": 1753575094498
  },
  "6282130994143@s.whatsapp.net": {
    "limit": 26,
    "money": 0,
    "level_user": 1,
    "level_cache": 10,
    "lastReset": 1753532704410
  },
  "120363263460724112@newsletter": {
    "limit": 30,
    "money": 0,
    "level_user": 1,
    "level_cache": 78
  },
  "6281343146357@s.whatsapp.net": {
    "limit": 30,
    "money": 0,
    "level_user": 1,
    "level_cache": 2
  },
  "6281275673391@s.whatsapp.net": {
    "limit": 30,
    "money": 0,
    "level_user": 1,
    "level_cache": 94,
    "lastReset": 1756555111038
  },
  "6283862694821@s.whatsapp.net": {
    "limit": 29,
    "money": 0,
    "level_user": 1,
    "level_cache": 4,
    "lastReset": 1752883810601
  },
  "6285363278127@s.whatsapp.net": {
    "limit": 30,
    "money": 0,
    "level_user": 1,
    "level_cache": 46
  },
  "6282184247828@s.whatsapp.net": {
    "limit": 30,
    "money": 0,
    "level_user": 1,
    "level_cache": 6
  },
  "6283896648165@s.whatsapp.net": {
    "limit": 30,
    "money": 0,
    "level_user": 1,
    "level_cache": 1
  },
  "6282169138408@s.whatsapp.net": {
    "limit": 29,
    "money": 0,
    "level_user": 1,
    "level_cache": 8,
    "lastReset": 1753110141235
  },
  "6281392717132@s.whatsapp.net": {
    "limit": 28,
    "money": 0,
    "level_user": 1,
    "level_cache": 37,
    "lastReset": 1753001329283
  },
  "6282178971112@s.whatsapp.net": {
    "limit": 30,
    "money": 0,
    "level_user": 1,
    "level_cache": 2
  },
  "6282334288660@s.whatsapp.net": {
    "limit": 29,
    "money": 0,
    "level_user": 1,
    "level_cache": 37,
    "lastReset": 1753590889889
  },
  "6285795044885@s.whatsapp.net": {
    "limit": 30,
    "money": 0,
    "level_user": 1,
    "level_cache": 17
  },
  "6283140128652@s.whatsapp.net": {
    "limit": 29,
    "money": 0,
    "level_user": 1,
    "level_cache": 43,
    "lastReset": 1753536590645
  },
  "6283896235362@s.whatsapp.net": {
    "limit": 28,
    "money": 200,
    "level_user": 2,
    "level_cache": 65,
    "lastReset": 1753196877092
  },
  "6283151192841@s.whatsapp.net": {
    "limit": 30,
    "money": 0,
    "level_user": 1,
    "level_cache": 3
  },
  "6289503964856@s.whatsapp.net": {
    "limit": 27,
    "money": 0,
    "level_user": 1,
    "level_cache": 26,
    "lastReset": 1752419190480
  },
  "6281315170296@s.whatsapp.net": {
    "limit": 30,
    "money": 0,
    "level_user": 1,
    "level_cache": 3
  },
  "6283183593158@s.whatsapp.net": {
    "limit": 12,
    "money": 0,
    "level_user": 1,
    "level_cache": 58,
    "lastReset": 1753704752183
  },
  "6283163466544@s.whatsapp.net": {
    "limit": 30,
    "money": 0,
    "level_user": 1,
    "level_cache": 11
  },
  "628998972278@s.whatsapp.net": {
    "limit": 30,
    "money": 0,
    "level_user": 1,
    "level_cache": 1
  },
  "6283139654681@s.whatsapp.net": {
    "limit": 30,
    "money": 0,
    "level_user": 1,
    "level_cache": 1
  },
  "6281262364199@s.whatsapp.net": {
    "limit": 26,
    "money": 0,
    "level_user": 1,
    "level_cache": 56,
    "lastReset": 1752468994753
  },
  "6283136150720@s.whatsapp.net": {
    "limit": 30,
    "money": 0,
    "level_user": 1,
    "level_cache": 7
  },
  "6285904462617@s.whatsapp.net": {
    "limit": 29,
    "money": 0,
    "level_user": 1,
    "level_cache": 6,
    "lastReset": 1753286293253
  },
  "6285896227588@s.whatsapp.net": {
    "limit": 30,
    "money": 0,
    "level_user": 1,
    "level_cache": 1
  },
  "6283847975988@s.whatsapp.net": {
    "limit": 30,
    "money": 0,
    "level_user": 1,
    "level_cache": 4
  },
  "6283172779074@s.whatsapp.net": {
    "limit": 27,
    "money": 0,
    "level_user": 7,
    "level_cache": 29,
    "lastReset": 1753193416298
  },
  "6283115421180@s.whatsapp.net": {
    "limit": 28,
    "money": 0,
    "level_user": 1,
    "level_cache": 4,
    "lastReset": 1752583772262
  },
  "6288279086080@s.whatsapp.net": {
    "limit": 30,
    "money": 0,
    "level_user": 1,
    "level_cache": 32
  },
  "6287782562779@s.whatsapp.net": {
    "limit": 30,
    "money": 0,
    "level_user": 1,
    "level_cache": 5
  },
  "6289504632738@s.whatsapp.net": {
    "limit": 29,
    "money": 0,
    "level_user": 1,
    "level_cache": 4,
    "lastReset": 1753645022420
  },
  "6283872031396@s.whatsapp.net": {
    "limit": 30,
    "money": 0,
    "level_user": 1,
    "level_cache": 1
  },
  "6283111399112@s.whatsapp.net": {
    "limit": 31,
    "money": 0,
    "level_user": 1,
    "level_cache": 8,
    "lastReset": 1753055396166
  },
  "6285822905439@s.whatsapp.net": {
    "limit": 30,
    "money": 0,
    "level_user": 1,
    "level_cache": 2
  },
  "6283829098149@s.whatsapp.net": {
    "limit": 30,
    "money": 0,
    "level_user": 1,
    "level_cache": 1
  },
  "6283829524353@s.whatsapp.net": {
    "limit": 30,
    "money": 0,
    "level_user": 1,
    "level_cache": 1
  },
  "6288976654724@s.whatsapp.net": {
    "limit": 30,
    "money": 0,
    "level_user": 1,
    "level_cache": 10
  },
  "6285119468728@s.whatsapp.net": {
    "limit": 29,
    "money": 0,
    "level_user": 1,
    "level_cache": 17,
    "lastReset": 1753184578544
  },
  "6287821564415@s.whatsapp.net": {
    "limit": 30,
    "money": 0,
    "level_user": 2,
    "level_cache": 100
  },
  "6285714340038@s.whatsapp.net": {
    "limit": 30,
    "money": 0,
    "level_user": 8,
    "level_cache": 74,
    "lastReset": 1753701671639
  },
  "6287766958249@s.whatsapp.net": {
    "limit": 30,
    "money": 0,
    "level_user": 2,
    "level_cache": 99
  },
  "6285931286838@s.whatsapp.net": {
    "limit": 28,
    "money": 0,
    "level_user": 7,
    "level_cache": 49,
    "lastReset": 1753968651854
  },
  "6287838880401@s.whatsapp.net": {
    "limit": 30,
    "money": 0,
    "level_user": 1,
    "level_cache": 4
  },
  "6285809026399@s.whatsapp.net": {
    "limit": 28,
    "money": 0,
    "level_user": 1,
    "level_cache": 4,
    "lastReset": 1753509822739
  },
  "8801871236824@s.whatsapp.net": {
    "limit": 30,
    "money": 0,
    "level_user": 1,
    "level_cache": 3
  },
  "6285179789786@s.whatsapp.net": {
    "limit": 29,
    "money": 0,
    "level_user": 1,
    "level_cache": 1,
    "lastReset": 1752996004758
  },
  "6282386179583@s.whatsapp.net": {
    "limit": 30,
    "money": 0,
    "level_user": 1,
    "level_cache": 15
  },
  "6287723202809@s.whatsapp.net": {
    "limit": 30,
    "money": 0,
    "level_user": 1,
    "level_cache": 3
  },
  "6283821354980@s.whatsapp.net": {
    "limit": 29,
    "money": 0,
    "level_user": 1,
    "level_cache": 2,
    "lastReset": 1753024951960
  },
  "6289517166284@s.whatsapp.net": {
    "limit": 30,
    "money": 0,
    "level_user": 1,
    "level_cache": 32
  },
  "6283857368394@s.whatsapp.net": {
    "limit": 30,
    "money": 0,
    "level_user": 1,
    "level_cache": 3
  },
  "6287757134441@s.whatsapp.net": {
    "limit": 30,
    "money": 0,
    "level_user": 1,
    "level_cache": 11
  },
  "6283172839973@s.whatsapp.net": {
    "limit": 30,
    "money": 0,
    "level_user": 1,
    "level_cache": 2
  },
  "6283890885077@s.whatsapp.net": {
    "limit": 30,
    "money": 0,
    "level_user": 1,
    "level_cache": 1
  },
  "6283892664175@s.whatsapp.net": {
    "limit": 30,
    "money": 0,
    "level_user": 1,
    "level_cache": 2
  },
  "6283895723889@s.whatsapp.net": {
    "limit": 30,
    "money": 0,
    "level_user": 1,
    "level_cache": 9
  },
  "6285944621487@s.whatsapp.net": {
    "limit": 30,
    "money": 0,
    "level_user": 8,
    "level_cache": 55
  },
  "6285767077252@s.whatsapp.net": {
    "limit": 30,
    "money": 0,
    "level_user": 1,
    "level_cache": 6
  },
  "6287788488932@s.whatsapp.net": {
    "limit": 30,
    "money": 0,
    "level_user": 1,
    "level_cache": 27
  },
  "6285793680790@s.whatsapp.net": {
    "limit": 30,
    "money": 0,
    "level_user": 1,
    "level_cache": 4
  },
  "6281916532234@s.whatsapp.net": {
    "limit": 30,
    "money": 0,
    "level_user": 1,
    "level_cache": 10
  },
  "6285394095577@s.whatsapp.net": {
    "limit": 30,
    "money": 0,
    "level_user": 1,
    "level_cache": 8
  },
  "6287727070401@s.whatsapp.net": {
    "limit": 30,
    "money": 0,
    "level_user": 1,
    "level_cache": 2
  },
  "6287775080199@s.whatsapp.net": {
    "limit": 30,
    "money": 0,
    "level_user": 1,
    "level_cache": 4
  },
  "6283169394297@s.whatsapp.net": {
    "limit": 30,
    "money": 0,
    "level_user": 1,
    "level_cache": 1
  },
  "6283805017373@s.whatsapp.net": {
    "limit": 30,
    "money": 0,
    "level_user": 1,
    "level_cache": 4
  },
  "6285602233797@s.whatsapp.net": {
    "limit": 8,
    "money": 440,
    "level_user": 3,
    "level_cache": 38,
    "lastReset": 1753668342247
  },
  "6283189895392@s.whatsapp.net": {
    "limit": 30,
    "money": 0,
    "level_user": 1,
    "level_cache": 13
  },
  "6287752815743@s.whatsapp.net": {
    "limit": 30,
    "money": 0,
    "level_user": 1,
    "level_cache": 1
  },
  "6287764628807@s.whatsapp.net": {
    "limit": 30,
    "money": 0,
    "level_user": 1,
    "level_cache": 1
  },
  "923401316108@s.whatsapp.net": {
    "limit": 30,
    "money": 0,
    "level_user": 1,
    "level_cache": 1
  },
  "6287852032768@s.whatsapp.net": {
    "limit": 30,
    "money": 0,
    "level_user": 1,
    "level_cache": 71
  },
  "6283189895391@s.whatsapp.net": {
    "limit": 30,
    "money": 0,
    "level_user": 1,
    "level_cache": 15
  },
  "6285221644659@s.whatsapp.net": {
    "limit": 30,
    "money": 0,
    "level_user": 1,
    "level_cache": 34
  },
  "6281295377140@s.whatsapp.net": {
    "limit": 30,
    "money": 0,
    "level_user": 1,
    "level_cache": 1
  },
  "6287723410478@s.whatsapp.net": {
    "limit": 30,
    "money": 0,
    "level_user": 1,
    "level_cache": 1
  },
  "6287821384482@s.whatsapp.net": {
    "limit": 29,
    "money": 0,
    "level_user": 1,
    "level_cache": 3,
    "lastReset": 1753684914046
  },
  "6285165858116@s.whatsapp.net": {
    "limit": 30,
    "money": 0,
    "level_user": 1,
    "level_cache": 5
  },
  "6283142036946@s.whatsapp.net": {
    "limit": 30,
    "money": 0,
    "level_user": 1,
    "level_cache": 33
  },
  "6281268521402@s.whatsapp.net": {
    "limit": 30,
    "money": 0,
    "level_user": 1,
    "level_cache": 2
  },
  "6285932021883@s.whatsapp.net": {
    "limit": 30,
    "money": 0,
    "level_user": 1,
    "level_cache": 6
  },
  "6285174115099@s.whatsapp.net": {
    "limit": 30,
    "money": 0,
    "level_user": 1,
    "level_cache": 10
  },
  "628883609680@s.whatsapp.net": {
    "limit": 26,
    "money": 0,
    "level_user": 1,
    "level_cache": 8,
    "lastReset": 1753525106854
  },
  "6283865853032@s.whatsapp.net": {
    "limit": 30,
    "money": 0,
    "level_user": 1,
    "level_cache": 4
  },
  "212601546815@s.whatsapp.net": {
    "limit": 30,
    "money": 0,
    "level_user": 1,
    "level_cache": 3
  },
  "6281262265150@s.whatsapp.net": {
    "limit": 30,
    "money": 0,
    "level_user": 1,
    "level_cache": 1
  },
  "62881022865671@s.whatsapp.net": {
    "limit": 30,
    "money": 0,
    "level_user": 1,
    "level_cache": 12
  },
  "6283115039807@s.whatsapp.net": {
    "limit": 18,
    "money": 0,
    "level_user": 1,
    "level_cache": 53,
    "lastReset": 1753704414820
  },
  "6281217175647@s.whatsapp.net": {
    "limit": 30,
    "money": 0,
    "level_user": 1,
    "level_cache": 1
  },
  "6287833511644@s.whatsapp.net": {
    "limit": 30,
    "money": 0,
    "level_user": 1,
    "level_cache": 3
  },
  "6281235524703@s.whatsapp.net": {
    "limit": 30,
    "money": 0,
    "level_user": 1,
    "level_cache": 4
  },
  "6285609272815@s.whatsapp.net": {
    "limit": 30,
    "money": 0,
    "level_user": 1,
    "level_cache": 4
  },
  "6287827971249@s.whatsapp.net": {
    "limit": 30,
    "money": 0,
    "level_user": 1,
    "level_cache": 2
  },
  "923203919019@s.whatsapp.net": {
    "limit": 30,
    "money": 0,
    "level_user": 1,
    "level_cache": 2
  },
  "62895423851500@s.whatsapp.net": {
    "limit": 30,
    "money": 0,
    "level_user": 1,
    "level_cache": 9
  },
  "6282347490666@s.whatsapp.net": {
    "limit": 30,
    "money": 0,
    "level_user": 1,
    "level_cache": 5
  },
  "6285967169873@s.whatsapp.net": {
    "limit": 30,
    "money": 0,
    "level_user": 1,
    "level_cache": 19
  },
  "6285380607268@s.whatsapp.net": {
    "limit": 30,
    "money": 0,
    "level_user": 1,
    "level_cache": 14
  },
  "6287731590560@s.whatsapp.net": {
    "limit": 30,
    "money": 0,
    "level_user": 1,
    "level_cache": 6
  },
  "628816067035@s.whatsapp.net": {
    "limit": 29,
    "money": 0,
    "level_user": 1,
    "level_cache": 2,
    "lastReset": 1753753092217
  },
  "62895376280905@s.whatsapp.net": {
    "limit": 30,
    "money": 0,
    "level_user": 1,
    "level_cache": 1
  },
  "6285763894610@s.whatsapp.net": {
    "limit": 30,
    "money": 0,
    "level_user": 1,
    "level_cache": 1
  },
  "6283821947248@s.whatsapp.net": {
    "limit": 30,
    "money": 0,
    "level_user": 1,
    "level_cache": 4
  },
  "6285714606509@s.whatsapp.net": {
    "limit": 30,
    "money": 0,
    "level_user": 1,
    "level_cache": 4
  },
  "8801313249798@s.whatsapp.net": {
    "limit": 30,
    "money": 0,
    "level_user": 1,
    "level_cache": 4
  },
  "239651122073745@lid": {
    "limit": 29,
    "money": 0,
    "level_user": 1,
    "level_cache": 30,
    "lastReset": 1756394311825
  },
  "39844965281861@lid": {
    "limit": 29,
    "money": 0,
    "level_user": 1,
    "level_cache": 91,
    "lastReset": 1756464479461
  },
  "17162789990572@lid": {
    "limit": 30,
    "money": 0,
    "level_user": 1,
    "level_cache": 1
  },
  "102791871787138@lid": {
    "limit": 29,
    "money": 0,
    "level_user": 1,
    "level_cache": 22,
    "lastReset": 1754813309866
  },
  "138676558397490@lid": {
    "limit": 30,
    "money": 0,
    "level_user": 1,
    "level_cache": 1
  },
  "129227244474378@lid": {
    "limit": 30,
    "money": 0,
    "level_user": 1,
    "level_cache": 1
  },
  "268405491892441@lid": {
    "limit": 30,
    "money": 0,
    "level_user": 1,
    "level_cache": 1
  },
  "214903302389874@lid": {
    "limit": 30,
    "money": 0,
    "level_user": 1,
    "level_cache": 1
  },
  "229132864610532@lid": {
    "limit": 30,
    "money": 0,
    "level_user": 1,
    "level_cache": 1
  },
  "235557766565902@lid": {
    "limit": 30,
    "money": 0,
    "level_user": 1,
    "level_cache": 1
  },
  "186088400384109@lid": {
    "limit": 29,
    "money": 0,
    "level_user": 1,
    "level_cache": 58,
    "lastReset": 1754960030873
  },
  "240110465491138@lid": {
    "limit": 30,
    "money": 0,
    "level_user": 1,
    "level_cache": 1
  },
  "173671851282660@lid": {
    "limit": 26,
    "money": 0,
    "level_user": 1,
    "level_cache": 13,
    "lastReset": 1754797210398
  },
  "161770496864481@lid": {
    "limit": 30,
    "money": 0,
    "level_user": 1,
    "level_cache": 1
  },
  "226014181519518@lid": {
    "limit": 29,
    "money": 0,
    "level_user": 1,
    "level_cache": 17,
    "lastReset": 1754973851327
  },
  "46407608180759@lid": {
    "limit": 30,
    "money": 0,
    "level_user": 25,
    "level_cache": 51,
    "lastReset": 1756736448867
  },
  "147493673255077@lid": {
    "limit": 27,
    "money": 0,
    "level_user": 2,
    "level_cache": 50,
    "lastReset": 1756415661521
  },
  "9260503183442@lid": {
    "limit": 30,
    "money": 0,
    "level_user": 1,
    "level_cache": 30,
    "lastReset": 1755364501171
  },
  "136992713138391@lid": {
    "limit": 28,
    "money": 0,
    "level_user": 2,
    "level_cache": 11,
    "lastReset": 1756890402608
  },
  "71786452512884@lid": {
    "limit": 27,
    "money": 0,
    "level_user": 8,
    "level_cache": 29,
    "lastReset": 1756143068244
  },
  "130722245378078@lid": {
    "limit": 46,
    "money": 60,
    "level_user": 1,
    "level_cache": 58,
    "lastReset": 1754243623865
  },
  "128591354425382@lid": {
    "limit": 30,
    "money": 0,
    "level_user": 1,
    "level_cache": 1
  },
  "166434831335542@lid": {
    "limit": 27,
    "money": 0,
    "level_user": 1,
    "level_cache": 19,
    "lastReset": 1755126296634
  },
  "194802670948393@lid": {
    "limit": 29,
    "money": 0,
    "level_user": 1,
    "level_cache": 7,
    "lastReset": 1754040675878
  },
  "194686589386923@lid": {
    "limit": 29,
    "money": 0,
    "level_user": 1,
    "level_cache": 79,
    "lastReset": 1755349407984
  },
  "206141887893543@lid": {
    "limit": 28,
    "money": 0,
    "level_user": 2,
    "level_cache": 3,
    "lastReset": 1755607612380
  },
  "102959291588808@lid": {
    "limit": 29,
    "money": 0,
    "level_user": 1,
    "level_cache": 37,
    "lastReset": 1756665521793
  },
  "6283829085533@s.whatsapp.net": {
    "limit": 30,
    "money": 0,
    "level_user": 1,
    "level_cache": 23
  },
  "6281943265572@s.whatsapp.net": {
    "limit": 30,
    "money": 0,
    "level_user": 1,
    "level_cache": 21
  },
  "117291899478028@lid": {
    "limit": 28,
    "money": 0,
    "level_user": 1,
    "level_cache": 59,
    "lastReset": 1756265866294
  },
  "235433497735417@lid": {
    "limit": 25,
    "money": 0,
    "level_user": 2,
    "level_cache": 25,
    "lastReset": 1756805782278
  },
  "5145890959431@lid": {
    "limit": 28,
    "money": 0,
    "level_user": 1,
    "level_cache": 9,
    "lastReset": 1754373557029
  },
  "639317451805@s.whatsapp.net": {
    "limit": 30,
    "money": 0,
    "level_user": 1,
    "level_cache": 5
  },
  "163462797865210@lid": {
    "limit": 29,
    "money": 0,
    "level_user": 1,
    "level_cache": 1,
    "lastReset": 1753951727776
  },
  "16909907054608@lid": {
    "limit": 29,
    "money": 20,
    "level_user": 1,
    "level_cache": 34,
    "lastReset": 1755886247790
  },
  "13259000303616@lid": {
    "limit": 29,
    "money": 0,
    "level_user": 1,
    "level_cache": 8,
    "lastReset": 1755479731981
  },
  "273491001614532@lid": {
    "limit": 29,
    "money": 0,
    "level_user": 1,
    "level_cache": 7,
    "lastReset": 1754882887379
  },
  "118013017772226@lid": {
    "limit": 29,
    "money": 0,
    "level_user": 1,
    "level_cache": 31,
    "lastReset": 1754498596809
  },
  "6283138505924@s.whatsapp.net": {
    "limit": 30,
    "money": 0,
    "level_user": 1,
    "level_cache": 2
  },
  "88481023950874@lid": {
    "limit": 29,
    "money": 0,
    "level_user": 1,
    "level_cache": 2,
    "lastReset": 1754228690832
  },
  "17433691734079@lid": {
    "limit": 28,
    "money": 0,
    "level_user": 1,
    "level_cache": 4,
    "lastReset": 1754569974779
  },
  "166662162628678@lid": {
    "limit": 21,
    "money": 0,
    "level_user": 5,
    "level_cache": 61,
    "lastReset": 1756886077742
  },
  "59559049711617@lid": {
    "limit": 40,
    "money": 0,
    "level_user": 1,
    "level_cache": 23,
    "lastReset": 1755765817861
  },
  "16677911719979@lid": {
    "limit": 29,
    "money": 0,
    "level_user": 1,
    "level_cache": 7,
    "lastReset": 1755494201032
  },
  "6287760586866@s.whatsapp.net": {
    "limit": 30,
    "money": 0,
    "level_user": 1,
    "level_cache": 3
  },
  "142876583457021@lid": {
    "limit": 29,
    "money": 0,
    "level_user": 1,
    "level_cache": 3,
    "lastReset": 1754027546024
  },
  "227002342715544@lid": {
    "limit": 29,
    "money": 0,
    "level_user": 1,
    "level_cache": 29,
    "lastReset": 1756089858604
  },
  "6281327393959@s.whatsapp.net": {
    "limit": 30,
    "money": 0,
    "level_user": 1,
    "level_cache": 4
  },
  "125198330290425@lid": {
    "limit": 29,
    "money": 0,
    "level_user": 1,
    "level_cache": 57,
    "lastReset": 1756205454153
  },
  "216093075439655@lid": {
    "limit": 29,
    "money": 0,
    "level_user": 1,
    "level_cache": 29,
    "lastReset": 1756176619490
  },
  "57467299979419@lid": {
    "limit": 30,
    "money": 0,
    "level_user": 1,
    "level_cache": 1
  },
  "6282229876941@s.whatsapp.net": {
    "limit": 30,
    "money": 0,
    "level_user": 1,
    "level_cache": 8
  },
  "62895360383177@s.whatsapp.net": {
    "limit": 30,
    "money": 0,
    "level_user": 1,
    "level_cache": 4
  },
  "6283899034164@s.whatsapp.net": {
    "limit": 30,
    "money": 0,
    "level_user": 1,
    "level_cache": 1
  },
  "274169287676068@lid": {
    "limit": 30,
    "money": 0,
    "level_user": 1,
    "level_cache": 5
  },
  "79946538029281@lid": {
    "limit": 29,
    "money": 0,
    "level_user": 1,
    "level_cache": 36,
    "lastReset": 1755825424794
  },
  "6287820629242@s.whatsapp.net": {
    "limit": 30,
    "money": 0,
    "level_user": 1,
    "level_cache": 4
  },
  "6287883526364@s.whatsapp.net": {
    "limit": 30,
    "money": 0,
    "level_user": 1,
    "level_cache": 4
  },
  "6283897055665@s.whatsapp.net": {
    "limit": 30,
    "money": 0,
    "level_user": 1,
    "level_cache": 4
  },
  "6281225686094@s.whatsapp.net": {
    "limit": 30,
    "money": 0,
    "level_user": 1,
    "level_cache": 5
  },
  "628152568431@s.whatsapp.net": {
    "limit": 30,
    "money": 0,
    "level_user": 1,
    "level_cache": 16
  },
  "62895406037476@s.whatsapp.net": {
    "limit": 30,
    "money": 0,
    "level_user": 1,
    "level_cache": 2
  },
  "6285252452432@s.whatsapp.net": {
    "limit": 30,
    "money": 0,
    "level_user": 1,
    "level_cache": 1
  },
  "270389867454473@lid": {
    "limit": 29,
    "money": 0,
    "level_user": 1,
    "level_cache": 29,
    "lastReset": 1756391023305
  },
  "6287798988739@s.whatsapp.net": {
    "limit": 30,
    "money": 0,
    "level_user": 1,
    "level_cache": 2
  },
  "212391115649222@lid": {
    "limit": 28,
    "money": 0,
    "level_user": 1,
    "level_cache": 71,
    "lastReset": 1754840004060
  },
  "6287866061361@s.whatsapp.net": {
    "limit": 30,
    "money": 0,
    "level_user": 1,
    "level_cache": 5
  },
  "628811958607@s.whatsapp.net": {
    "limit": 30,
    "money": 0,
    "level_user": 1,
    "level_cache": 2
  },
  "6285712046949@s.whatsapp.net": {
    "limit": 30,
    "money": 0,
    "level_user": 1,
    "level_cache": 2
  },
  "6281234916831@s.whatsapp.net": {
    "limit": 30,
    "money": 0,
    "level_user": 1,
    "level_cache": 1
  },
  "264527606243388@lid": {
    "limit": 29,
    "money": 0,
    "level_user": 1,
    "level_cache": 25,
    "lastReset": 1756455725387
  },
  "6285147769402@s.whatsapp.net": {
    "limit": 30,
    "money": 0,
    "level_user": 1,
    "level_cache": 3
  },
  "6281928532572@s.whatsapp.net": {
    "limit": 30,
    "money": 0,
    "level_user": 1,
    "level_cache": 1
  },
  "6285169554179@s.whatsapp.net": {
    "limit": 30,
    "money": 0,
    "level_user": 1,
    "level_cache": 6
  },
  "6285123615064@s.whatsapp.net": {
    "limit": 30,
    "money": 0,
    "level_user": 1,
    "level_cache": 11
  },
  "6287768424579@s.whatsapp.net": {
    "limit": 30,
    "money": 0,
    "level_user": 1,
    "level_cache": 52
  },
  "6283180505151@s.whatsapp.net": {
    "limit": 30,
    "money": 0,
    "level_user": 1,
    "level_cache": 3
  },
  "102916023185478@lid": {
    "limit": 29,
    "money": 0,
    "level_user": 1,
    "level_cache": 5,
    "lastReset": 1754638931022
  },
  "6283897665324@s.whatsapp.net": {
    "limit": 30,
    "money": 0,
    "level_user": 1,
    "level_cache": 31
  },
  "62817399800@s.whatsapp.net": {
    "limit": 30,
    "money": 0,
    "level_user": 1,
    "level_cache": 9
  },
  "166945898893416@lid": {
    "limit": 28,
    "money": 0,
    "level_user": 1,
    "level_cache": 48,
    "lastReset": 1756448080832
  },
  "6283131110926@s.whatsapp.net": {
    "limit": 30,
    "money": 0,
    "level_user": 1,
    "level_cache": 21
  },
  "34828594479222@lid": {
    "limit": 27,
    "money": 0,
    "level_user": 2,
    "level_cache": 62,
    "lastReset": 1754649814326
  },
  "628388886316@s.whatsapp.net": {
    "limit": 30,
    "money": 0,
    "level_user": 1,
    "level_cache": 1
  },
  "6287886153249@s.whatsapp.net": {
    "limit": 30,
    "money": 0,
    "level_user": 1,
    "level_cache": 3
  },
  "6283835302475@s.whatsapp.net": {
    "limit": 30,
    "money": 0,
    "level_user": 1,
    "level_cache": 1
  },
  "6282143708365@s.whatsapp.net": {
    "limit": 30,
    "money": 0,
    "level_user": 1,
    "level_cache": 33
  },
  "6283872999716@s.whatsapp.net": {
    "limit": 30,
    "money": 0,
    "level_user": 1,
    "level_cache": 23
  },
  "256121885487300@lid": {
    "limit": 28,
    "money": 0,
    "level_user": 1,
    "level_cache": 17,
    "lastReset": 1754397167197
  },
  "6283150896265@s.whatsapp.net": {
    "limit": 30,
    "money": 0,
    "level_user": 1,
    "level_cache": 3
  },
  "6283137620330@s.whatsapp.net": {
    "limit": 30,
    "money": 0,
    "level_user": 1,
    "level_cache": 4
  },
  "6283141227249@s.whatsapp.net": {
    "limit": 30,
    "money": 0,
    "level_user": 1,
    "level_cache": 3
  },
  "6287781653348@s.whatsapp.net": {
    "limit": 30,
    "money": 0,
    "level_user": 1,
    "level_cache": 1
  },
  "6285785135308@s.whatsapp.net": {
    "limit": 30,
    "money": 0,
    "level_user": 1,
    "level_cache": 13
  },
  "6283112089695@s.whatsapp.net": {
    "limit": 30,
    "money": 0,
    "level_user": 1,
    "level_cache": 1
  },
  "6285392062628@s.whatsapp.net": {
    "limit": 30,
    "money": 0,
    "level_user": 1,
    "level_cache": 1
  },
  "6287872552525@s.whatsapp.net": {
    "limit": 30,
    "money": 0,
    "level_user": 1,
    "level_cache": 1
  },
  "6283893114170@s.whatsapp.net": {
    "limit": 30,
    "money": 0,
    "level_user": 1,
    "level_cache": 1
  },
  "919460822901@s.whatsapp.net": {
    "limit": 30,
    "money": 0,
    "level_user": 1,
    "level_cache": 1
  },
  "6285850065534@s.whatsapp.net": {
    "limit": 30,
    "money": 0,
    "level_user": 1,
    "level_cache": 1
  },
  "6283152177225@s.whatsapp.net": {
    "limit": 30,
    "money": 0,
    "level_user": 1,
    "level_cache": 1
  },
  "6281314435704@s.whatsapp.net": {
    "limit": 30,
    "money": 0,
    "level_user": 1,
    "level_cache": 1
  },
  "6287825796723@s.whatsapp.net": {
    "limit": 30,
    "money": 0,
    "level_user": 1,
    "level_cache": 1
  },
  "6283826050379@s.whatsapp.net": {
    "limit": 30,
    "money": 0,
    "level_user": 1,
    "level_cache": 1
  },
  "212750021402@s.whatsapp.net": {
    "limit": 30,
    "money": 0,
    "level_user": 1,
    "level_cache": 1
  },
  "6283818714569@s.whatsapp.net": {
    "limit": 30,
    "money": 0,
    "level_user": 1,
    "level_cache": 1
  },
  "2347044695911@s.whatsapp.net": {
    "limit": 30,
    "money": 0,
    "level_user": 1,
    "level_cache": 1
  },
  "6283106737727@s.whatsapp.net": {
    "limit": 30,
    "money": 0,
    "level_user": 1,
    "level_cache": 1
  },
  "6285137436168@s.whatsapp.net": {
    "limit": 30,
    "money": 0,
    "level_user": 1,
    "level_cache": 1
  },
  "6285143551442@s.whatsapp.net": {
    "limit": 30,
    "money": 0,
    "level_user": 1,
    "level_cache": 1
  },
  "6285136724346@s.whatsapp.net": {
    "limit": 30,
    "money": 0,
    "level_user": 1,
    "level_cache": 1
  },
  "6283111063316@s.whatsapp.net": {
    "limit": 30,
    "money": 0,
    "level_user": 1,
    "level_cache": 1
  },
  "6287844698904@s.whatsapp.net": {
    "limit": 30,
    "money": 0,
    "level_user": 1,
    "level_cache": 1
  },
  "6281323900857@s.whatsapp.net": {
    "limit": 30,
    "money": 0,
    "level_user": 1,
    "level_cache": 1
  },
  "6283878400225@s.whatsapp.net": {
    "limit": 30,
    "money": 0,
    "level_user": 1,
    "level_cache": 1
  },
  "6281363929595@s.whatsapp.net": {
    "limit": 30,
    "money": 0,
    "level_user": 1,
    "level_cache": 1
  },
  "6281366451536@s.whatsapp.net": {
    "limit": 30,
    "money": 0,
    "level_user": 1,
    "level_cache": 1
  },
  "6283138919797@s.whatsapp.net": {
    "limit": 30,
    "money": 0,
    "level_user": 1,
    "level_cache": 1
  },
  "6289509336827@s.whatsapp.net": {
    "limit": 30,
    "money": 0,
    "level_user": 1,
    "level_cache": 1
  },
  "6285840136536@s.whatsapp.net": {
    "limit": 30,
    "money": 0,
    "level_user": 1,
    "level_cache": 1
  },
  "6283119847108@s.whatsapp.net": {
    "limit": 30,
    "money": 0,
    "level_user": 1,
    "level_cache": 1
  },
  "6282189624328@s.whatsapp.net": {
    "limit": 30,
    "money": 0,
    "level_user": 1,
    "level_cache": 1
  },
  "6283894345288@s.whatsapp.net": {
    "limit": 30,
    "money": 0,
    "level_user": 1,
    "level_cache": 1
  },
  "6287776270845@s.whatsapp.net": {
    "limit": 30,
    "money": 0,
    "level_user": 1,
    "level_cache": 1
  },
  "6287857367093@s.whatsapp.net": {
    "limit": 30,
    "money": 0,
    "level_user": 1,
    "level_cache": 2
  },
  "6281260599364@s.whatsapp.net": {
    "limit": 30,
    "money": 0,
    "level_user": 1,
    "level_cache": 1
  },
  "216793205489898@lid": {
    "limit": 30,
    "money": 0,
    "level_user": 1,
    "level_cache": 1
  },
  "6283824086908@s.whatsapp.net": {
    "limit": 30,
    "money": 0,
    "level_user": 1,
    "level_cache": 1
  },
  "6281805618755@s.whatsapp.net": {
    "limit": 30,
    "money": 0,
    "level_user": 1,
    "level_cache": 1
  },
  "628381460458@s.whatsapp.net": {
    "limit": 30,
    "money": 0,
    "level_user": 1,
    "level_cache": 1
  },
  "6289518747946@s.whatsapp.net": {
    "limit": 30,
    "money": 0,
    "level_user": 1,
    "level_cache": 1
  },
  "6282319557375@s.whatsapp.net": {
    "limit": 30,
    "money": 0,
    "level_user": 1,
    "level_cache": 6
  },
  "6285769792448@s.whatsapp.net": {
    "limit": 30,
    "money": 0,
    "level_user": 1,
    "level_cache": 1
  },
  "6283167584734@s.whatsapp.net": {
    "limit": 30,
    "money": 0,
    "level_user": 1,
    "level_cache": 1
  },
  "6281803004607@s.whatsapp.net": {
    "limit": 30,
    "money": 0,
    "level_user": 1,
    "level_cache": 34
  },
  "12408714211345@lid": {
    "limit": 33,
    "money": 0,
    "level_user": 1,
    "level_cache": 70,
    "lastReset": 1756435561645
  },
  "6283846435726@s.whatsapp.net": {
    "limit": 30,
    "money": 0,
    "level_user": 1,
    "level_cache": 14
  },
  "136971154366510@lid": {
    "limit": 29,
    "money": 0,
    "level_user": 1,
    "level_cache": 24,
    "lastReset": 1754923396936
  },
  "76421024194810@lid": {
    "limit": 29,
    "money": 0,
    "level_user": 1,
    "level_cache": 9,
    "lastReset": 1755768505154
  },
  "243645475213457@lid": {
    "limit": 29,
    "money": 0,
    "level_user": 1,
    "level_cache": 14,
    "lastReset": 1754498484604
  },
  "124138043768963@lid": {
    "limit": 30,
    "money": 0,
    "level_user": 1,
    "level_cache": 66
  },
  "102435003609313@lid": {
    "limit": 30,
    "money": 0,
    "level_user": 2,
    "level_cache": 91
  },
  "92475444175069@lid": {
    "limit": 30,
    "money": 0,
    "level_user": 1,
    "level_cache": 4
  },
  "155478520758289@lid": {
    "limit": 30,
    "money": 0,
    "level_user": 3,
    "level_cache": 73
  },
  "15303438237841@lid": {
    "limit": 30,
    "money": 0,
    "level_user": 1,
    "level_cache": 7
  },
  "176609709531319@lid": {
    "limit": 30,
    "money": 0,
    "level_user": 1,
    "level_cache": 4
  },
  "116398579781747@lid": {
    "limit": 30,
    "money": 0,
    "level_user": 1,
    "level_cache": 6
  },
  "145221635575949@lid": {
    "limit": 30,
    "money": 0,
    "level_user": 1,
    "level_cache": 8
  },
  "141291690188937@lid": {
    "limit": 28,
    "money": 0,
    "level_user": 2,
    "level_cache": 41,
    "lastReset": 1755327151028
  },
  "49813265641557@lid": {
    "limit": 30,
    "money": 0,
    "level_user": 1,
    "level_cache": 7
  },
  "198226128965866@lid": {
    "limit": 30,
    "money": 0,
    "level_user": 1,
    "level_cache": 15
  },
  "191010315440139@lid": {
    "limit": 30,
    "money": 0,
    "level_user": 1,
    "level_cache": 8
  },
  "164205793640631@lid": {
    "limit": 30,
    "money": 0,
    "level_user": 1,
    "level_cache": 18
  },
  "6287849076187@s.whatsapp.net": {
    "limit": 30,
    "money": 0,
    "level_user": 1,
    "level_cache": 1
  },
  "241755739926556@lid": {
    "limit": 30,
    "money": 0,
    "level_user": 2,
    "level_cache": 81
  },
  "112919622770770@lid": {
    "limit": 30,
    "money": 0,
    "level_user": 1,
    "level_cache": 24
  },
  "41644556574847@lid": {
    "limit": 30,
    "money": 0,
    "level_user": 1,
    "level_cache": 3
  },
  "32118335873056@lid": {
    "limit": 30,
    "money": 0,
    "level_user": 1,
    "level_cache": 2
  },
  "2066583924898@lid": {
    "limit": 30,
    "money": 0,
    "level_user": 1,
    "level_cache": 4
  },
  "145479820115979@lid": {
    "limit": 30,
    "money": 0,
    "level_user": 1,
    "level_cache": 93
  },
  "96920651472947@lid": {
    "limit": 30,
    "money": 0,
    "level_user": 1,
    "level_cache": 18
  },
  "93660804829301@lid": {
    "limit": 30,
    "money": 0,
    "level_user": 1,
    "level_cache": 5
  },
  "6283852838329@s.whatsapp.net": {
    "limit": 30,
    "money": 0,
    "level_user": 1,
    "level_cache": 3
  },
  "162964179013880@lid": {
    "limit": 30,
    "money": 0,
    "level_user": 1,
    "level_cache": 5
  },
  "2057691992103@lid": {
    "limit": 30,
    "money": 0,
    "level_user": 1,
    "level_cache": 4
  },
  "197040868982921@lid": {
    "limit": 30,
    "money": 0,
    "level_user": 1,
    "level_cache": 11
  },
  "249331877679184@lid": {
    "limit": 29,
    "money": 0,
    "level_user": 1,
    "level_cache": 2,
    "lastReset": 1754576296541
  },
  "256770995962064@lid": {
    "limit": 30,
    "money": 0,
    "level_user": 1,
    "level_cache": 79
  },
  "71687584366702@lid": {
    "limit": 30,
    "money": 0,
    "level_user": 1,
    "level_cache": 31
  },
  "219228032475195@lid": {
    "limit": 30,
    "money": 0,
    "level_user": 1,
    "level_cache": 2
  },
  "142125417127991@lid": {
    "limit": 30,
    "money": 0,
    "level_user": 1,
    "level_cache": 65
  },
  "167577225576486@lid": {
    "limit": 30,
    "money": 0,
    "level_user": 1,
    "level_cache": 1
  },
  "126972822823085@lid": {
    "limit": 30,
    "money": 0,
    "level_user": 1,
    "level_cache": 55
  },
  "264965323763732@lid": {
    "limit": 28,
    "money": 0,
    "level_user": 1,
    "level_cache": 70,
    "lastReset": 1756877114885
  },
  "280861501059310@lid": {
    "limit": 30,
    "money": 0,
    "level_user": 1,
    "level_cache": 86
  },
  "31323364302867@lid": {
    "limit": 29,
    "money": 0,
    "level_user": 1,
    "level_cache": 25,
    "lastReset": 1756101402505
  },
  "184443209809928@lid": {
    "limit": 30,
    "money": 0,
    "level_user": 1,
    "level_cache": 2
  },
  "129270580027606@lid": {
    "limit": 30,
    "money": 0,
    "level_user": 1,
    "level_cache": 60
  },
  "204084632121469@lid": {
    "limit": 29,
    "money": 0,
    "level_user": 1,
    "level_cache": 14,
    "lastReset": 1755420231099
  },
  "190164458598466@lid": {
    "limit": 30,
    "money": 0,
    "level_user": 1,
    "level_cache": 13
  },
  "142168031248457@lid": {
    "limit": 30,
    "money": 0,
    "level_user": 1,
    "level_cache": 1
  },
  "32169858695372@lid": {
    "limit": 30,
    "money": 0,
    "level_user": 1,
    "level_cache": 7
  },
  "1606384918583@lid": {
    "limit": 30,
    "money": 0,
    "level_user": 1,
    "level_cache": 10
  },
  "205867026743298@lid": {
    "limit": 27,
    "money": 0,
    "level_user": 2,
    "level_cache": 61,
    "lastReset": 1754898740890
  },
  "137061147353282@lid": {
    "limit": 30,
    "money": 0,
    "level_user": 1,
    "level_cache": 32
  },
  "264802467377220@lid": {
    "limit": 30,
    "money": 0,
    "level_user": 1,
    "level_cache": 1
  },
  "259961653330154@lid": {
    "limit": 30,
    "money": 0,
    "level_user": 2,
    "level_cache": 97
  },
  "176914434130040@lid": {
    "limit": 30,
    "money": 0,
    "level_user": 1,
    "level_cache": 20,
    "lastReset": 1755016576146
  },
  "200730128433333@lid": {
    "limit": 30,
    "money": 0,
    "level_user": 1,
    "level_cache": 29
  },
  "54013928198268@lid": {
    "limit": 30,
    "money": 0,
    "level_user": 1,
    "level_cache": 22
  },
  "116329742872790@lid": {
    "limit": 30,
    "money": 0,
    "level_user": 2,
    "level_cache": 92
  },
  "172597606125728@lid": {
    "limit": 30,
    "money": 0,
    "level_user": 1,
    "level_cache": 6
  },
  "180827132555468@lid": {
    "limit": 30,
    "money": 0,
    "level_user": 1,
    "level_cache": 4
  },
  "178452133056733@lid": {
    "limit": 28,
    "money": 0,
    "level_user": 1,
    "level_cache": 2,
    "lastReset": 1754785610189
  },
  "52025559658569@lid": {
    "limit": 30,
    "money": 0,
    "level_user": 1,
    "level_cache": 11
  },
  "251543953649832@lid": {
    "limit": 29,
    "money": 0,
    "level_user": 1,
    "level_cache": 12,
    "lastReset": 1756790844132
  },
  "170205410021623@lid": {
    "limit": 30,
    "money": 0,
    "level_user": 1,
    "level_cache": 2
  },
  "276084943806553@lid": {
    "limit": 30,
    "money": 0,
    "level_user": 1,
    "level_cache": 6
  },
  "51059158458590@lid": {
    "limit": 30,
    "money": 0,
    "level_user": 1,
    "level_cache": 92
  },
  "228999234068668@lid": {
    "limit": 30,
    "money": 0,
    "level_user": 1,
    "level_cache": 3
  },
  "104462312038435@lid": {
    "limit": 30,
    "money": 0,
    "level_user": 1,
    "level_cache": 13
  },
  "49388500041751@lid": {
    "limit": 30,
    "money": 0,
    "level_user": 1,
    "level_cache": 3
  },
  "160958345396338@lid": {
    "limit": 30,
    "money": 0,
    "level_user": 1,
    "level_cache": 65
  },
  "88154270908478@lid": {
    "limit": 30,
    "money": 0,
    "level_user": 1,
    "level_cache": 3
  },
  "126929487327288@lid": {
    "limit": 30,
    "money": 0,
    "level_user": 1,
    "level_cache": 7
  },
  "281157769896047@lid": {
    "limit": 30,
    "money": 0,
    "level_user": 1,
    "level_cache": 8
  },
  "187746106777821@lid": {
    "limit": 30,
    "money": 0,
    "level_user": 2,
    "level_cache": 96
  },
  "6283827095978@s.whatsapp.net": {
    "limit": 30,
    "money": 0,
    "level_user": 1,
    "level_cache": 11
  },
  "6285174173680@s.whatsapp.net": {
    "limit": 30,
    "money": 0,
    "level_user": 1,
    "level_cache": 13
  },
  "92484168335443@lid": {
    "limit": 30,
    "money": 0,
    "level_user": 1,
    "level_cache": 2
  },
  "175724426182844@lid": {
    "limit": 23,
    "money": 0,
    "level_user": 1,
    "level_cache": 92,
    "lastReset": 1756553132507
  },
  "42056890233008@lid": {
    "limit": 30,
    "money": 0,
    "level_user": 1,
    "level_cache": 12
  },
  "30288562389024@lid": {
    "limit": 30,
    "money": 0,
    "level_user": 1,
    "level_cache": 24
  },
  "118807989379112@lid": {
    "limit": 28,
    "money": 0,
    "level_user": 1,
    "level_cache": 90,
    "lastReset": 1755430566246
  },
  "30795351736528@lid": {
    "limit": 27,
    "money": 0,
    "level_user": 2,
    "level_cache": 54,
    "lastReset": 1756693938903
  },
  "66585599447075@lid": {
    "limit": 29,
    "money": 0,
    "level_user": 1,
    "level_cache": 12,
    "lastReset": 1756392501902
  },
  "1997747003563@lid": {
    "limit": 30,
    "money": 0,
    "level_user": 1,
    "level_cache": 20
  },
  "254885522047212@lid": {
    "limit": 30,
    "money": 0,
    "level_user": 1,
    "level_cache": 27
  },
  "192599956652112@lid": {
    "limit": 30,
    "money": 0,
    "level_user": 1,
    "level_cache": 2
  },
  "25980794056925@lid": {
    "limit": 30,
    "money": 0,
    "level_user": 1,
    "level_cache": 73
  },
  "158630959693857@lid": {
    "limit": 30,
    "money": 0,
    "level_user": 1,
    "level_cache": 2
  },
  "218107331264704@lid": {
    "limit": 30,
    "money": 0,
    "level_user": 1,
    "level_cache": 1
  },
  "145737467875376@lid": {
    "limit": 30,
    "money": 0,
    "level_user": 1,
    "level_cache": 2
  },
  "15471092961303@lid": {
    "limit": 30,
    "money": 0,
    "level_user": 1,
    "level_cache": 2
  },
  "5467761860704@lid": {
    "limit": 30,
    "money": 0,
    "level_user": 1,
    "level_cache": 1
  },
  "96164435239022@lid": {
    "limit": 30,
    "money": 0,
    "level_user": 1,
    "level_cache": 4
  },
  "180852633899144@lid": {
    "limit": 30,
    "money": 0,
    "level_user": 1,
    "level_cache": 1
  },
  "3414834585706@lid": {
    "limit": 30,
    "money": 0,
    "level_user": 1,
    "level_cache": 1
  },
  "94678712099054@lid": {
    "limit": 30,
    "money": 0,
    "level_user": 1,
    "level_cache": 1
  },
  "241974514819098@lid": {
    "limit": 30,
    "money": 0,
    "level_user": 1,
    "level_cache": 2
  },
  "119074294091825@lid": {
    "limit": 30,
    "money": 0,
    "level_user": 1,
    "level_cache": 1
  },
  "52996138389749@lid": {
    "limit": 30,
    "money": 0,
    "level_user": 1,
    "level_cache": 1
  },
  "6285789987714@s.whatsapp.net": {
    "limit": 30,
    "money": 0,
    "level_user": 1,
    "level_cache": 1
  },
  "12369942053010@lid": {
    "limit": 30,
    "money": 0,
    "level_user": 1,
    "level_cache": 2
  },
  "183588494553140@lid": {
    "limit": 30,
    "money": 0,
    "level_user": 1,
    "level_cache": 1
  },
  "25512239972482@lid": {
    "limit": 30,
    "money": 0,
    "level_user": 1,
    "level_cache": 1
  },
  "77962313465976@lid": {
    "limit": 30,
    "money": 0,
    "level_user": 1,
    "level_cache": 2
  },
  "163819062046794@lid": {
    "limit": 30,
    "money": 0,
    "level_user": 1,
    "level_cache": 1
  },
  "256105108254851@lid": {
    "limit": 30,
    "money": 0,
    "level_user": 1,
    "level_cache": 1
  },
  "35434033848360@lid": {
    "limit": 30,
    "money": 0,
    "level_user": 1,
    "level_cache": 1
  },
  "8899390378185@lid": {
    "limit": 30,
    "money": 0,
    "level_user": 1,
    "level_cache": 2
  },
  "79998614503434@lid": {
    "limit": 30,
    "money": 0,
    "level_user": 1,
    "level_cache": 1
  },
  "54989003202653@lid": {
    "limit": 30,
    "money": 0,
    "level_user": 1,
    "level_cache": 2
  },
  "133556487631036@lid": {
    "limit": 30,
    "money": 0,
    "level_user": 1,
    "level_cache": 3
  },
  "247046552481822@lid": {
    "limit": 30,
    "money": 0,
    "level_user": 1,
    "level_cache": 1
  },
  "76837216616557@lid": {
    "limit": 30,
    "money": 0,
    "level_user": 1,
    "level_cache": 1
  },
  "44010865430543@lid": {
    "limit": 30,
    "money": 0,
    "level_user": 1,
    "level_cache": 1
  },
  "208336448393290@lid": {
    "limit": 30,
    "money": 0,
    "level_user": 1,
    "level_cache": 1
  },
  "228827888414924@lid": {
    "limit": 30,
    "money": 0,
    "level_user": 2,
    "level_cache": 16
  },
  "167701393752301@lid": {
    "limit": 30,
    "money": 0,
    "level_user": 1,
    "level_cache": 2
  },
  "209057952596117@lid": {
    "limit": 30,
    "money": 0,
    "level_user": 1,
    "level_cache": 1
  },
  "130314307395731@lid": {
    "limit": 30,
    "money": 0,
    "level_user": 1,
    "level_cache": 1
  },
  "14534773313712@lid": {
    "limit": 30,
    "money": 0,
    "level_user": 1,
    "level_cache": 85
  },
  "62882008162148@s.whatsapp.net": {
    "limit": 30,
    "money": 0,
    "level_user": 1,
    "level_cache": 1
  },
  "207296697237658@lid": {
    "limit": 30,
    "money": 0,
    "level_user": 1,
    "level_cache": 1
  },
  "215934362984536@lid": {
    "limit": 30,
    "money": 0,
    "level_user": 1,
    "level_cache": 1
  },
  "25482410094802@lid": {
    "limit": 30,
    "money": 0,
    "level_user": 1,
    "level_cache": 2
  },
  "41103172595787@lid": {
    "limit": 30,
    "money": 0,
    "level_user": 1,
    "level_cache": 1
  },
  "165842041962557@lid": {
    "limit": 30,
    "money": 0,
    "level_user": 1,
    "level_cache": 15
  },
  "6282295947823@s.whatsapp.net": {
    "limit": 30,
    "money": 0,
    "level_user": 1,
    "level_cache": 1
  },
  "103736932331625@lid": {
    "limit": 30,
    "money": 0,
    "level_user": 1,
    "level_cache": 2
  },
  "147137576861742@lid": {
    "limit": 30,
    "money": 0,
    "level_user": 1,
    "level_cache": 1
  },
  "232400982397144@lid": {
    "limit": 30,
    "money": 0,
    "level_user": 1,
    "level_cache": 1
  },
  "65232651198719@lid": {
    "limit": 30,
    "money": 0,
    "level_user": 1,
    "level_cache": 9
  },
  "7950588477449@lid": {
    "limit": 33,
    "money": 0,
    "level_user": 1,
    "level_cache": 40,
    "lastReset": 1755479022812
  },
  "114530218721448@lid": {
    "limit": 30,
    "money": 0,
    "level_user": 1,
    "level_cache": 1
  },
  "272490542715060@lid": {
    "limit": 30,
    "money": 0,
    "level_user": 1,
    "level_cache": 1
  },
  "14019243077680@lid": {
    "limit": 30,
    "money": 0,
    "level_user": 1,
    "level_cache": 1
  },
  "190151439433826@lid": {
    "limit": 30,
    "money": 0,
    "level_user": 1,
    "level_cache": 2
  },
  "130507346059398@lid": {
    "limit": 30,
    "money": 0,
    "level_user": 1,
    "level_cache": 1
  },
  "177738715554036@lid": {
    "limit": 30,
    "money": 0,
    "level_user": 1,
    "level_cache": 27
  },
  "152583410835644@lid": {
    "limit": 30,
    "money": 0,
    "level_user": 1,
    "level_cache": 2
  },
  "114822209368145@lid": {
    "limit": 30,
    "money": 0,
    "level_user": 1,
    "level_cache": 13
  },
  "85912247636205@lid": {
    "limit": 30,
    "money": 0,
    "level_user": 1,
    "level_cache": 3
  },
  "6283184287413@s.whatsapp.net": {
    "limit": 30,
    "money": 0,
    "level_user": 1,
    "level_cache": 1
  },
  "86999377702979@lid": {
    "limit": 30,
    "money": 0,
    "level_user": 1,
    "level_cache": 1
  },
  "136636365050017@lid": {
    "limit": 30,
    "money": 0,
    "level_user": 1,
    "level_cache": 3
  },
  "222625502601229@lid": {
    "limit": 30,
    "money": 0,
    "level_user": 1,
    "level_cache": 5
  },
  "262685048479765@lid": {
    "limit": 30,
    "money": 0,
    "level_user": 1,
    "level_cache": 2
  },
  "77494715699217@lid": {
    "limit": 30,
    "money": 0,
    "level_user": 1,
    "level_cache": 1
  },
  "84967791022320@lid": {
    "limit": 30,
    "money": 0,
    "level_user": 1,
    "level_cache": 1
  },
  "24988119785720@lid": {
    "limit": 30,
    "money": 0,
    "level_user": 1,
    "level_cache": 1
  },
  "213593236734110@lid": {
    "limit": 30,
    "money": 0,
    "level_user": 1,
    "level_cache": 1
  },
  "112026168860768@lid": {
    "limit": 30,
    "money": 0,
    "level_user": 1,
    "level_cache": 3
  },
  "89988238676052@lid": {
    "limit": 30,
    "money": 0,
    "level_user": 1,
    "level_cache": 6
  },
  "76468101062887@lid": {
    "limit": 30,
    "money": 0,
    "level_user": 1,
    "level_cache": 1
  },
  "16527604596837@lid": {
    "limit": 30,
    "money": 0,
    "level_user": 1,
    "level_cache": 1
  },
  "136434098946193@lid": {
    "limit": 30,
    "money": 0,
    "level_user": 1,
    "level_cache": 1
  },
  "136884986601624@lid": {
    "limit": 30,
    "money": 0,
    "level_user": 1,
    "level_cache": 1
  },
  "164316959498347@lid": {
    "limit": 30,
    "money": 0,
    "level_user": 1,
    "level_cache": 1
  },
  "197731754745885@lid": {
    "limit": 30,
    "money": 0,
    "level_user": 1,
    "level_cache": 1
  },
  "108319645642781@lid": {
    "limit": 30,
    "money": 0,
    "level_user": 1,
    "level_cache": 1
  },
  "23652972130476@lid": {
    "limit": 30,
    "money": 0,
    "level_user": 1,
    "level_cache": 2
  },
  "118941217243371@lid": {
    "limit": 30,
    "money": 0,
    "level_user": 1,
    "level_cache": 2
  },
  "259725966971116@lid": {
    "limit": 30,
    "money": 0,
    "level_user": 1,
    "level_cache": 1
  },
  "26041041035313@lid": {
    "limit": 30,
    "money": 0,
    "level_user": 1,
    "level_cache": 1
  },
  "172177236193376@lid": {
    "limit": 30,
    "money": 0,
    "level_user": 1,
    "level_cache": 1
  },
  "69377344946231@lid": {
    "limit": 30,
    "money": 0,
    "level_user": 1,
    "level_cache": 1
  },
  "141180171989234@lid": {
    "limit": 29,
    "money": 0,
    "level_user": 1,
    "level_cache": 8,
    "lastReset": 1755168598699
  },
  "57574086979785@lid": {
    "limit": 30,
    "money": 0,
    "level_user": 1,
    "level_cache": 6
  },
  "14886692229300@lid": {
    "limit": 30,
    "money": 0,
    "level_user": 1,
    "level_cache": 5
  },
  "78224809828522@lid": {
    "limit": 30,
    "money": 0,
    "level_user": 1,
    "level_cache": 2
  },
  "6283110921572@s.whatsapp.net": {
    "limit": 30,
    "money": 0,
    "level_user": 1,
    "level_cache": 23
  },
  "169638927290601@lid": {
    "limit": 30,
    "money": 0,
    "level_user": 1,
    "level_cache": 2
  },
  "115861608251588@lid": {
    "limit": 30,
    "money": 0,
    "level_user": 1,
    "level_cache": 2
  },
  "173173517602822@lid": {
    "limit": 30,
    "money": 0,
    "level_user": 1,
    "level_cache": 1
  },
  "52055439884337@lid": {
    "limit": 30,
    "money": 0,
    "level_user": 1,
    "level_cache": 2
  },
  "6283147857632@s.whatsapp.net": {
    "limit": 30,
    "money": 0,
    "level_user": 1,
    "level_cache": 11
  },
  "276686088188049@lid": {
    "limit": 30,
    "money": 0,
    "level_user": 1,
    "level_cache": 3
  },
  "242662011625692@lid": {
    "limit": 30,
    "money": 0,
    "level_user": 1,
    "level_cache": 1
  },
  "98973763297504@lid": {
    "limit": 30,
    "money": 0,
    "level_user": 1,
    "level_cache": 2
  },
  "6281261348085@s.whatsapp.net": {
    "limit": 30,
    "money": 0,
    "level_user": 1,
    "level_cache": 1
  },
  "157020028182733@lid": {
    "limit": 30,
    "money": 0,
    "level_user": 1,
    "level_cache": 1
  },
  "200141902454940@lid": {
    "limit": 28,
    "money": 0,
    "level_user": 1,
    "level_cache": 4,
    "lastReset": 1756042541629
  },
  "6283824298402@s.whatsapp.net": {
    "limit": 30,
    "money": 0,
    "level_user": 1,
    "level_cache": 12
  },
  "127878524076181@lid": {
    "limit": 30,
    "money": 0,
    "level_user": 1,
    "level_cache": 2
  },
  "244590334480624@lid": {
    "limit": 30,
    "money": 0,
    "level_user": 1,
    "level_cache": 3
  },
  "190933358403737@lid": {
    "limit": 30,
    "money": 0,
    "level_user": 1,
    "level_cache": 3
  },
  "243314662105152@lid": {
    "limit": 30,
    "money": 40,
    "level_user": 82,
    "level_cache": 87,
    "lastReset": 1756371515700
  },
  "6282285311028@s.whatsapp.net": {
    "limit": 30,
    "money": 0,
    "level_user": 1,
    "level_cache": 46
  },
  "11386042228846@lid": {
    "limit": 20,
    "money": 0,
    "level_user": 19,
    "level_cache": 81,
    "lastReset": 1756918544492
  },
  "6289619376860@s.whatsapp.net": {
    "limit": 30,
    "money": 0,
    "level_user": 1,
    "level_cache": 2
  },
  "242523918315589@lid": {
    "limit": 30,
    "money": 0,
    "level_user": 15,
    "level_cache": 48
  },
  "276553447555298@lid": {
    "limit": 0,
    "money": 40,
    "level_user": 45,
    "level_cache": 98,
    "lastReset": 1756917797879
  },
  "210411085422734@lid": {
    "limit": 30,
    "money": 0,
    "level_user": 8,
    "level_cache": 75
  },
  "227526513283169@lid": {
    "limit": 30,
    "money": 0,
    "level_user": 6,
    "level_cache": 20
  },
  "45531552342209@lid": {
    "limit": 29,
    "money": 25,
    "level_user": 15,
    "level_cache": 54,
    "lastReset": 1756365653008
  },
  "23682919489628@lid": {
    "limit": 30,
    "money": 0,
    "level_user": 1,
    "level_cache": 64
  },
  "62881027568280@s.whatsapp.net": {
    "limit": 30,
    "money": 0,
    "level_user": 1,
    "level_cache": 29
  },
  "267851491467382@lid": {
    "limit": 30,
    "money": 0,
    "level_user": 1,
    "level_cache": 42
  },
  "57570446287088@lid": {
    "limit": 29,
    "money": 0,
    "level_user": 6,
    "level_cache": 95,
    "lastReset": 1755708098989
  },
  "141313550880884@lid": {
    "limit": 30,
    "money": 0,
    "level_user": 22,
    "level_cache": 48
  },
  "6285837116787@s.whatsapp.net": {
    "limit": 30,
    "money": 0,
    "level_user": 1,
    "level_cache": 93
  },
  "246411467714809@lid": {
    "limit": 30,
    "money": 0,
    "level_user": 12,
    "level_cache": 82
  },
  "153270471385152@lid": {
    "limit": 30,
    "money": 0,
    "level_user": 15,
    "level_cache": 81
  },
  "8504739942653@lid": {
    "limit": 30,
    "money": 0,
    "level_user": 1,
    "level_cache": 15
  },
  "21625697251479@lid": {
    "limit": 30,
    "money": 0,
    "level_user": 15,
    "level_cache": 76
  },
  "153154909917420@lid": {
    "limit": 30,
    "money": 0,
    "level_user": 12,
    "level_cache": 70
  },
  "219494303695096@lid": {
    "limit": 29,
    "money": 0,
    "level_user": 48,
    "level_cache": 68,
    "lastReset": 1756918325866
  },
  "130404099043548@lid": {
    "limit": 24,
    "money": 0,
    "level_user": 23,
    "level_cache": 56,
    "lastReset": 1756918030335
  },
  "19696904601853@lid": {
    "limit": 27,
    "money": 0,
    "level_user": 18,
    "level_cache": 27,
    "lastReset": 1756479596783
  },
  "628887567801@s.whatsapp.net": {
    "limit": 30,
    "money": 0,
    "level_user": 1,
    "level_cache": 85
  },
  "208504086364211@lid": {
    "limit": 30,
    "money": 0,
    "level_user": 4,
    "level_cache": 54
  },
  "118129401266225@lid": {
    "limit": 30,
    "money": 0,
    "level_user": 5,
    "level_cache": 71
  },
  "24971325739056@lid": {
    "limit": 30,
    "money": 0,
    "level_user": 8,
    "level_cache": 23
  },
  "52334310740073@lid": {
    "limit": 27,
    "money": 0,
    "level_user": 78,
    "level_cache": 81,
    "lastReset": 1756567559654
  },
  "174139583279308@lid": {
    "limit": 28,
    "money": 0,
    "level_user": 1,
    "level_cache": 5,
    "lastReset": 1755497517560
  },
  "91826602151945@lid": {
    "limit": 30,
    "money": 0,
    "level_user": 5,
    "level_cache": 15
  },
  "58428785475591@lid": {
    "limit": 29,
    "money": 0,
    "level_user": 3,
    "level_cache": 91,
    "lastReset": 1756652459093
  },
  "265193359716596@lid": {
    "limit": 30,
    "money": 0,
    "level_user": 5,
    "level_cache": 60
  },
  "92539583492185@lid": {
    "limit": 30,
    "money": 0,
    "level_user": 2,
    "level_cache": 27
  },
  "91285738229773@lid": {
    "limit": 25,
    "money": 0,
    "level_user": 23,
    "level_cache": 5,
    "lastReset": 1756918060331
  },
  "82077311565945@lid": {
    "limit": 30,
    "money": 0,
    "level_user": 3,
    "level_cache": 6
  },
  "261108510289942@lid": {
    "limit": 30,
    "money": 0,
    "level_user": 8,
    "level_cache": 47
  },
  "11622600937592@lid": {
    "limit": 30,
    "money": 0,
    "level_user": 1,
    "level_cache": 6
  },
  "6289528842737@s.whatsapp.net": {
    "limit": 30,
    "money": 0,
    "level_user": 1,
    "level_cache": 14
  },
  "206901862207526@lid": {
    "limit": 30,
    "money": 0,
    "level_user": 2,
    "level_cache": 56
  },
  "91461949337619@lid": {
    "limit": 30,
    "money": 0,
    "level_user": 3,
    "level_cache": 43
  },
  "240543988744251@lid": {
    "limit": 30,
    "money": 0,
    "level_user": 4,
    "level_cache": 32
  },
  "243825377304737@lid": {
    "limit": 30,
    "money": 0,
    "level_user": 1,
    "level_cache": 36
  },
  "80007221252113@lid": {
    "limit": 30,
    "money": 0,
    "level_user": 1,
    "level_cache": 6
  },
  "158665302638630@lid": {
    "limit": 30,
    "money": 0,
    "level_user": 1,
    "level_cache": 21
  },
  "194979200798747@lid": {
    "limit": 29,
    "money": 0,
    "level_user": 16,
    "level_cache": 52,
    "lastReset": 1756919143567
  },
  "167109090910293@lid": {
    "limit": 30,
    "money": 0,
    "level_user": 1,
    "level_cache": 2
  },
  "260859335049332@lid": {
    "limit": 30,
    "money": 0,
    "level_user": 1,
    "level_cache": 2
  },
  "272898094854355@lid": {
    "limit": 30,
    "money": 0,
    "level_user": 1,
    "level_cache": 6
  },
  "221977314881758@lid": {
    "limit": 30,
    "money": 0,
    "level_user": 1,
    "level_cache": 1
  },
  "183747710320886@lid": {
    "limit": 30,
    "money": 0,
    "level_user": 1,
    "level_cache": 3
  },
  "24176924614881@lid": {
    "limit": 30,
    "money": 0,
    "level_user": 1,
    "level_cache": 29
  },
  "6287750210766@s.whatsapp.net": {
    "limit": 30,
    "money": 0,
    "level_user": 1,
    "level_cache": 1
  },
  "66847038787802@lid": {
    "limit": 30,
    "money": 0,
    "level_user": 1,
    "level_cache": 5
  },
  "127320144752640@lid": {
    "limit": 30,
    "money": 0,
    "level_user": 2,
    "level_cache": 22
  },
  "224188853964986@lid": {
    "limit": 30,
    "money": 0,
    "level_user": 1,
    "level_cache": 3
  },
  "108117648011367@lid": {
    "limit": 28,
    "money": 0,
    "level_user": 3,
    "level_cache": 15,
    "lastReset": 1756479706674
  },
  "24820632842331@lid": {
    "limit": 30,
    "money": 0,
    "level_user": 1,
    "level_cache": 6
  },
  "231954641358951@lid": {
    "limit": 30,
    "money": 0,
    "level_user": 1,
    "level_cache": 49
  },
  "201069380559006@lid": {
    "limit": 30,
    "money": 0,
    "level_user": 26,
    "level_cache": 81
  },
  "30653533954199@lid": {
    "limit": 27,
    "money": 0,
    "level_user": 5,
    "level_cache": 67,
    "lastReset": 1756732730043
  },
  "182154495541415@lid": {
    "limit": 30,
    "money": 0,
    "level_user": 32,
    "level_cache": 80
  },
  "226722750460018@lid": {
    "limit": 30,
    "money": 0,
    "level_user": 3,
    "level_cache": 35
  },
  "2779179397347@lid": {
    "limit": 29,
    "money": 0,
    "level_user": 13,
    "level_cache": 57,
    "lastReset": 1756918219525
  },
  "199441655009355@lid": {
    "limit": 30,
    "money": 0,
    "level_user": 1,
    "level_cache": 23
  },
  "75806424465647@lid": {
    "limit": 30,
    "money": 0,
    "level_user": 1,
    "level_cache": 26
  },
  "6285715262576@s.whatsapp.net": {
    "limit": 30,
    "money": 0,
    "level_user": 2,
    "level_cache": 1
  },
  "42155372482674@lid": {
    "limit": 30,
    "money": 0,
    "level_user": 6,
    "level_cache": 37
  },
  "106841975611458@lid": {
    "limit": 30,
    "money": 0,
    "level_user": 9,
    "level_cache": 40
  },
  "267408975655079@lid": {
    "limit": 30,
    "money": 10,
    "level_user": 7,
    "level_cache": 80
  },
  "190868447309898@lid": {
    "limit": 30,
    "money": 0,
    "level_user": 4,
    "level_cache": 39
  },
  "249159827374090@lid": {
    "limit": 30,
    "money": 0,
    "level_user": 1,
    "level_cache": 3
  },
  "115724169269324@lid": {
    "limit": 30,
    "money": 0,
    "level_user": 1,
    "level_cache": 1
  },
  "244589831127237@lid": {
    "limit": 30,
    "money": 0,
    "level_user": 1,
    "level_cache": 6
  },
  "223407169913079@lid": {
    "limit": 30,
    "money": 0,
    "level_user": 1,
    "level_cache": 67
  },
  "123983206867052@lid": {
    "limit": 30,
    "money": 0,
    "level_user": 5,
    "level_cache": 12
  },
  "53412699889689@lid": {
    "limit": 30,
    "money": 0,
    "level_user": 8,
    "level_cache": 13
  },
  "17725934071996@lid": {
    "limit": 30,
    "money": 0,
    "level_user": 1,
    "level_cache": 11
  },
  "267297423892552@lid": {
    "limit": 30,
    "money": 0,
    "level_user": 1,
    "level_cache": 41
  },
  "63660558934077@lid": {
    "limit": 30,
    "money": 0,
    "level_user": 1,
    "level_cache": 55
  },
  "75969515761906@lid": {
    "limit": 30,
    "money": 0,
    "level_user": 1,
    "level_cache": 78
  },
  "6282282300225@s.whatsapp.net": {
    "limit": 30,
    "money": 0,
    "level_user": 1,
    "level_cache": 14
  },
  "264110709190901@lid": {
    "limit": 30,
    "money": 0,
    "level_user": 1,
    "level_cache": 2
  },
  "6281585957856@s.whatsapp.net": {
    "limit": 30,
    "money": 0,
    "level_user": 1,
    "level_cache": 2
  },
  "98140204044401@lid": {
    "limit": 30,
    "money": 0,
    "level_user": 1,
    "level_cache": 2
  },
  "135588174901440@lid": {
    "limit": 30,
    "money": 0,
    "level_user": 1,
    "level_cache": 17
  },
  "88884398571665@lid": {
    "limit": 30,
    "money": 0,
    "level_user": 1,
    "level_cache": 8
  },
  "100906146259098@lid": {
    "limit": 30,
    "money": 0,
    "level_user": 1,
    "level_cache": 2
  },
  "6285959642019@s.whatsapp.net": {
    "limit": 30,
    "money": 0,
    "level_user": 1,
    "level_cache": 46
  },
  "273301804974143@lid": {
    "limit": 30,
    "money": 0,
    "level_user": 7,
    "level_cache": 14
  },
  "156182257918131@lid": {
    "limit": 30,
    "money": 0,
    "level_user": 1,
    "level_cache": 1
  },
  "6281998091329@s.whatsapp.net": {
    "limit": 30,
    "money": 0,
    "level_user": 1,
    "level_cache": 46
  },
  "44758458192079@lid": {
    "limit": 30,
    "money": 0,
    "level_user": 1,
    "level_cache": 14
  },
  "100317584728271@lid": {
    "limit": 30,
    "money": 0,
    "level_user": 14,
    "level_cache": 17
  },
  "6287841880208@s.whatsapp.net": {
    "limit": 30,
    "money": 0,
    "level_user": 1,
    "level_cache": 42
  },
  "192599587565810@lid": {
    "limit": 30,
    "money": 0,
    "level_user": 2,
    "level_cache": 22
  },
  "188931836502046@lid": {
    "limit": 30,
    "money": 0,
    "level_user": 1,
    "level_cache": 5
  },
  "6283109705247@s.whatsapp.net": {
    "limit": 30,
    "money": 0,
    "level_user": 2,
    "level_cache": 17
  },
  "254893910708452@lid": {
    "limit": 30,
    "money": 0,
    "level_user": 1,
    "level_cache": 33
  },
  "628999821222@s.whatsapp.net": {
    "limit": 30,
    "money": 0,
    "level_user": 1,
    "level_cache": 73
  },
  "6288290680258@s.whatsapp.net": {
    "limit": 30,
    "money": 0,
    "level_user": 1,
    "level_cache": 25
  },
  "6285281147183@s.whatsapp.net": {
    "limit": 30,
    "money": 0,
    "level_user": 1,
    "level_cache": 9
  },
  "6289635230210@s.whatsapp.net": {
    "limit": 30,
    "money": 0,
    "level_user": 1,
    "level_cache": 2
  },
  "38671536306@lid": {
    "limit": 30,
    "money": 0,
    "level_user": 1,
    "level_cache": 1
  },
  "6283879594395@s.whatsapp.net": {
    "limit": 30,
    "money": 0,
    "level_user": 1,
    "level_cache": 7
  },
  "6283846402347@s.whatsapp.net": {
    "limit": 30,
    "money": 0,
    "level_user": 1,
    "level_cache": 69
  },
  "6285782808190@s.whatsapp.net": {
    "limit": 30,
    "money": 0,
    "level_user": 1,
    "level_cache": 15
  },
  "178593497907394@lid": {
    "limit": 27,
    "money": 5,
    "level_user": 14,
    "level_cache": 38,
    "lastReset": 1756384616968
  },
  "73191091392766@lid": {
    "limit": 30,
    "money": 0,
    "level_user": 1,
    "level_cache": 78
  },
  "191529855537371@lid": {
    "limit": 30,
    "money": 0,
    "level_user": 1,
    "level_cache": 8
  },
  "93781349113880@lid": {
    "limit": 30,
    "money": 0,
    "level_user": 16,
    "level_cache": 9
  },
  "6288291685844@s.whatsapp.net": {
    "limit": 30,
    "money": 0,
    "level_user": 1,
    "level_cache": 43
  },
  "48864128192591@lid": {
    "limit": 30,
    "money": 0,
    "level_user": 3,
    "level_cache": 8
  },
  "29571118297229@lid": {
    "limit": 30,
    "money": 0,
    "level_user": 1,
    "level_cache": 9
  },
  "6283804082663@s.whatsapp.net": {
    "limit": 30,
    "money": 0,
    "level_user": 2,
    "level_cache": 20
  },
  "6285861328859@s.whatsapp.net": {
    "limit": 30,
    "money": 0,
    "level_user": 1,
    "level_cache": 53
  },
  "2740642156618@lid": {
    "limit": 30,
    "money": 0,
    "level_user": 1,
    "level_cache": 85
  },
  "234741605396625@lid": {
    "limit": 30,
    "money": 0,
    "level_user": 1,
    "level_cache": 47
  },
  "212257434812638@lid": {
    "limit": 30,
    "money": 0,
    "level_user": 1,
    "level_cache": 1
  },
  "171855029747794@lid": {
    "limit": 30,
    "money": 0,
    "level_user": 1,
    "level_cache": 1
  },
  "278572283490391@lid": {
    "limit": 30,
    "money": 0,
    "level_user": 1,
    "level_cache": 23
  },
  "6281916414484@s.whatsapp.net": {
    "limit": 30,
    "money": 0,
    "level_user": 1,
    "level_cache": 22
  },
  "6283189001465@s.whatsapp.net": {
    "limit": 30,
    "money": 0,
    "level_user": 1,
    "level_cache": 12
  },
  "76283316846671@lid": {
    "limit": 30,
    "money": 0,
    "level_user": 1,
    "level_cache": 24
  },
  "148537165758703@lid": {
    "limit": 30,
    "money": 0,
    "level_user": 1,
    "level_cache": 13
  },
  "60145800367@s.whatsapp.net": {
    "limit": 30,
    "money": 0,
    "level_user": 1,
    "level_cache": 13
  },
  "628315428591@s.whatsapp.net": {
    "limit": 30,
    "money": 0,
    "level_user": 1,
    "level_cache": 1
  },
  "6287783291728@s.whatsapp.net": {
    "limit": 30,
    "money": 0,
    "level_user": 1,
    "level_cache": 2
  },
  "118773679939638@lid": {
    "limit": 27,
    "money": 0,
    "level_user": 1,
    "level_cache": 7,
    "lastReset": 1756442561342
  },
  "183262127345704@lid": {
    "limit": 30,
    "money": 0,
    "level_user": 1,
    "level_cache": 16
  },
  "112481049563202@lid": {
    "limit": 30,
    "money": 0,
    "level_user": 1,
    "level_cache": 3
  },
  "23837622165515@lid": {
    "limit": 30,
    "money": 0,
    "level_user": 1,
    "level_cache": 2
  },
  "6285133301604@s.whatsapp.net": {
    "limit": 30,
    "money": 0,
    "level_user": 1,
    "level_cache": 1
  },
  "183941067763943@lid": {
    "limit": 30,
    "money": 0,
    "level_user": 7,
    "level_cache": 22
  },
  "6282297045719@s.whatsapp.net": {
    "limit": 30,
    "money": 0,
    "level_user": 1,
    "level_cache": 15
  },
  "59025735581906@lid": {
    "limit": 30,
    "money": 0,
    "level_user": 2,
    "level_cache": 35
  },
  "62895352528586@s.whatsapp.net": {
    "limit": 30,
    "money": 0,
    "level_user": 1,
    "level_cache": 48
  },
  "6282297904717@s.whatsapp.net": {
    "limit": 30,
    "money": 0,
    "level_user": 1,
    "level_cache": 51
  },
  "6283133426211@s.whatsapp.net": {
    "limit": 30,
    "money": 0,
    "level_user": 1,
    "level_cache": 1
  },
  "167637522903189@lid": {
    "limit": 30,
    "money": 0,
    "level_user": 1,
    "level_cache": 1
  },
  "92093326299335@lid": {
    "limit": 30,
    "money": 0,
    "level_user": 1,
    "level_cache": 3
  },
  "6285817290373@s.whatsapp.net": {
    "limit": 30,
    "money": 0,
    "level_user": 1,
    "level_cache": 4
  },
  "29446916579379@lid": {
    "limit": 30,
    "money": 0,
    "level_user": 1,
    "level_cache": 7
  },
  "280470541574175@lid": {
    "limit": 30,
    "money": 0,
    "level_user": 1,
    "level_cache": 16
  },
  "6282173230348@s.whatsapp.net": {
    "limit": 30,
    "money": 0,
    "level_user": 1,
    "level_cache": 2
  },
  "203917128425594@lid": {
    "limit": 30,
    "money": 0,
    "level_user": 1,
    "level_cache": 48
  },
  "47300609106007@lid": {
    "limit": 30,
    "money": 0,
    "level_user": 1,
    "level_cache": 1
  },
  "6285142297418@s.whatsapp.net": {
    "limit": 30,
    "money": 0,
    "level_user": 1,
    "level_cache": 4
  },
  "52098590896205@lid": {
    "limit": 30,
    "money": 0,
    "level_user": 1,
    "level_cache": 5
  },
  "3483721797717@lid": {
    "limit": 30,
    "money": 0,
    "level_user": 1,
    "level_cache": 1
  },
  "6283143502080@s.whatsapp.net": {
    "limit": 30,
    "money": 0,
    "level_user": 1,
    "level_cache": 12
  },
  "24499131002920@lid": {
    "limit": 29,
    "money": 0,
    "level_user": 8,
    "level_cache": 69,
    "lastReset": 1756918635637
  },
  "6285696069338@s.whatsapp.net": {
    "limit": 30,
    "money": 0,
    "level_user": 1,
    "level_cache": 53
  },
  "6281330260034@s.whatsapp.net": {
    "limit": 30,
    "money": 0,
    "level_user": 1,
    "level_cache": 4
  },
  "6283869890795@s.whatsapp.net": {
    "limit": 30,
    "money": 0,
    "level_user": 1,
    "level_cache": 54
  },
  "164329760489714@lid": {
    "limit": 30,
    "money": 0,
    "level_user": 2,
    "level_cache": 73
  },
  "240325465534656@lid": {
    "limit": 30,
    "money": 0,
    "level_user": 1,
    "level_cache": 78
  },
  "136979928858775@lid": {
    "limit": 30,
    "money": 0,
    "level_user": 1,
    "level_cache": 1
  },
  "11291620040740@lid": {
    "limit": 30,
    "money": 0,
    "level_user": 1,
    "level_cache": 3
  },
  "60134030383@s.whatsapp.net": {
    "limit": 30,
    "money": 0,
    "level_user": 1,
    "level_cache": 2
  },
  "6282133313815@s.whatsapp.net": {
    "limit": 30,
    "money": 0,
    "level_user": 1,
    "level_cache": 1
  },
  "6281353273044@s.whatsapp.net": {
    "limit": 30,
    "money": 0,
    "level_user": 1,
    "level_cache": 12
  },
  "6285962736190@s.whatsapp.net": {
    "limit": 30,
    "money": 0,
    "level_user": 2,
    "level_cache": 9
  },
  "225189933670516@lid": {
    "limit": 30,
    "money": 0,
    "level_user": 1,
    "level_cache": 93
  },
  "181754862297137@lid": {
    "limit": 30,
    "money": 0,
    "level_user": 1,
    "level_cache": 53
  },
  "265923319611618@lid": {
    "limit": 30,
    "money": 0,
    "level_user": 1,
    "level_cache": 17
  },
  "184714296078382@lid": {
    "limit": 30,
    "money": 0,
    "level_user": 1,
    "level_cache": 2
  },
  "111089345888286@lid": {
    "limit": 30,
    "money": 0,
    "level_user": 1,
    "level_cache": 5
  },
  "2272188731433@lid": {
    "limit": 29,
    "money": 0,
    "level_user": 3,
    "level_cache": 28,
    "lastReset": 1756881480180
  },
  "6281398412043@s.whatsapp.net": {
    "limit": 30,
    "money": 0,
    "level_user": 1,
    "level_cache": 31
  },
  "6281235619633@s.whatsapp.net": {
    "limit": 30,
    "money": 0,
    "level_user": 1,
    "level_cache": 3
  },
  "242833608966208@lid": {
    "limit": 30,
    "money": 0,
    "level_user": 1,
    "level_cache": 87
  },
  "220134388068508@lid": {
    "limit": 30,
    "money": 0,
    "level_user": 1,
    "level_cache": 3
  },
  "209779188306054@lid": {
    "limit": 30,
    "money": 0,
    "level_user": 1,
    "level_cache": 5
  },
  "43706224758905@lid": {
    "limit": 30,
    "money": 0,
    "level_user": 1,
    "level_cache": 27
  },
  "254846615715952@lid": {
    "limit": 30,
    "money": 0,
    "level_user": 1,
    "level_cache": 2
  },
  "28643707338938@lid": {
    "limit": 28,
    "money": 0,
    "level_user": 1,
    "level_cache": 13,
    "lastReset": 1756908573646
  },
  "238813100138590@lid": {
    "limit": 30,
    "money": 0,
    "level_user": 1,
    "level_cache": 2
  },
  "191298229244022@lid": {
    "limit": 30,
    "money": 0,
    "level_user": 2,
    "level_cache": 55
  },
  "69832359837887@lid": {
    "limit": 30,
    "money": 0,
    "level_user": 1,
    "level_cache": 11
  },
  "188600889139348@lid": {
    "limit": 30,
    "money": 0,
    "level_user": 1,
    "level_cache": 3
  },
  "29751339126816@lid": {
    "limit": 30,
    "money": 0,
    "level_user": 2,
    "level_cache": 95
  },
  "115822836105250@lid": {
    "limit": 30,
    "money": 0,
    "level_user": 1,
    "level_cache": 32
  },
  "200815692275959@lid": {
    "limit": 20,
    "money": 0,
    "level_user": 1,
    "level_cache": 88,
    "lastReset": 1756552974007
  },
  "34703335805143@lid": {
    "limit": 30,
    "money": 0,
    "level_user": 1,
    "level_cache": 2
  },
  "6289654095874@s.whatsapp.net": {
    "limit": 30,
    "money": 0,
    "level_user": 1,
    "level_cache": 14
  },
  "6283840916353@s.whatsapp.net": {
    "limit": 30,
    "money": 0,
    "level_user": 1,
    "level_cache": 23
  },
  "6281376045413@s.whatsapp.net": {
    "limit": 30,
    "money": 0,
    "level_user": 1,
    "level_cache": 1
  },
  "6281379920287@s.whatsapp.net": {
    "limit": 30,
    "money": 0,
    "level_user": 1,
    "level_cache": 16
  },
  "6289677539188@s.whatsapp.net": {
    "limit": 30,
    "money": 0,
    "level_user": 1,
    "level_cache": 1
  },
  "4974159331329@lid": {
    "limit": 30,
    "money": 0,
    "level_user": 1,
    "level_cache": 3
  },
  "84873167564917@lid": {
    "limit": 30,
    "money": 0,
    "level_user": 1,
    "level_cache": 12
  },
  "216419761438930@lid": {
    "limit": 30,
    "money": 0,
    "level_user": 1,
    "level_cache": 2
  },
  "118605991661794@lid": {
    "limit": 28,
    "money": 0,
    "level_user": 1,
    "level_cache": 6,
    "lastReset": 1756575998357
  },
  "6283173580815@s.whatsapp.net": {
    "limit": 30,
    "money": 0,
    "level_user": 1,
    "level_cache": 14
  },
  "6281215569797@s.whatsapp.net": {
    "limit": 30,
    "money": 0,
    "level_user": 1,
    "level_cache": 3
  },
  "6282194664523@s.whatsapp.net": {
    "limit": 30,
    "money": 0,
    "level_user": 1,
    "level_cache": 1
  },
  "185733226709076@lid": {
    "limit": 30,
    "money": 0,
    "level_user": 1,
    "level_cache": 25
  },
  "3367774462190@lid": {
    "limit": 30,
    "money": 160,
    "level_user": 49,
    "level_cache": 82,
    "lastReset": 1756914471854
  },
  "208774535057585@lid": {
    "limit": 19,
    "money": 0,
    "level_user": 16,
    "level_cache": 79,
    "lastReset": 1756913865553
  },
  "6282249910664@s.whatsapp.net": {
    "limit": 30,
    "money": 0,
    "level_user": 1,
    "level_cache": 18
  },
  "71850692477126@lid": {
    "limit": 24,
    "money": 0,
    "level_user": 7,
    "level_cache": 22,
    "lastReset": 1756817319783
  },
  "6281373702060@s.whatsapp.net": {
    "limit": 30,
    "money": 0,
    "level_user": 1,
    "level_cache": 11
  },
  "138701858451643@lid": {
    "limit": 30,
    "money": 0,
    "level_user": 3,
    "level_cache": 78
  },
  "177696034279679@lid": {
    "limit": 29,
    "money": 140,
    "level_user": 21,
    "level_cache": 78,
    "lastReset": 1756923219668
  },
  "98668988366867@lid": {
    "limit": 30,
    "money": 0,
    "level_user": 1,
    "level_cache": 12
  },
  "5240212439107@lid": {
    "limit": 28,
    "money": 0,
    "level_user": 6,
    "level_cache": 44,
    "lastReset": 1756902040409
  },
  "179074785890399@lid": {
    "limit": 30,
    "money": 0,
    "level_user": 2,
    "level_cache": 73
  },
  "15251848347726@lid": {
    "limit": 30,
    "money": 0,
    "level_user": 1,
    "level_cache": 1
  },
  "208387820265594@lid": {
    "limit": 30,
    "money": 0,
    "level_user": 1,
    "level_cache": 1
  },
  "156899802648612@lid": {
    "limit": 30,
    "money": 0,
    "level_user": 3,
    "level_cache": 29
  },
  "62895322215672@s.whatsapp.net": {
    "limit": 30,
    "money": 0,
    "level_user": 1,
    "level_cache": 2
  },
  "107417148858606@lid": {
    "limit": 30,
    "money": 0,
    "level_user": 1,
    "level_cache": 85
  },
  "30993054457956@lid": {
    "limit": 30,
    "money": 0,
    "level_user": 9,
    "level_cache": 7
  },
  "109990421471255@lid": {
    "limit": 29,
    "money": 0,
    "level_user": 4,
    "level_cache": 27,
    "lastReset": 1756817854234
  },
  "178035487731763@lid": {
    "limit": 30,
    "money": 0,
    "level_user": 4,
    "level_cache": 82
  },
  "140140689260760@lid": {
    "limit": 30,
    "money": 0,
    "level_user": 1,
    "level_cache": 2
  },
  "262199767511111@lid": {
    "limit": 30,
    "money": 0,
    "level_user": 1,
    "level_cache": 50
  },
  "6282123100646@s.whatsapp.net": {
    "limit": 30,
    "money": 0,
    "level_user": 1,
    "level_cache": 1
  },
  "50848721846471@lid": {
    "limit": 30,
    "money": 0,
    "level_user": 1,
    "level_cache": 7
  },
  "6282284874863@s.whatsapp.net": {
    "limit": 30,
    "money": 0,
    "level_user": 1,
    "level_cache": 3
  },
  "148399995260935@lid": {
    "limit": 30,
    "money": 0,
    "level_user": 1,
    "level_cache": 1
  },
  "230627009949799@lid": {
    "limit": 30,
    "money": 0,
    "level_user": 1,
    "level_cache": 6
  },
  "230382515560470@lid": {
    "limit": 30,
    "money": 0,
    "level_user": 1,
    "level_cache": 1
  },
  "58016804163744@lid": {
    "limit": 30,
    "money": 0,
    "level_user": 1,
    "level_cache": 23
  },
  "58639775715375@lid": {
    "limit": 30,
    "money": 0,
    "level_user": 1,
    "level_cache": 15
  },
  "160219543912546@lid": {
    "limit": 30,
    "money": 0,
    "level_user": 1,
    "level_cache": 65
  },
  "113176817479858@lid": {
    "limit": 30,
    "money": 0,
    "level_user": 1,
    "level_cache": 2
  },
  "60162009511@s.whatsapp.net": {
    "limit": 30,
    "money": 0,
    "level_user": 1,
    "level_cache": 1
  },
  "76399348047957@lid": {
    "limit": 30,
    "money": 0,
    "level_user": 1,
    "level_cache": 1
  },
  "18447035551869@lid": {
    "limit": 26,
    "money": 0,
    "level_user": 1,
    "level_cache": 9,
    "lastReset": 1756956706182
  },
  "628567018003@s.whatsapp.net": {
    "limit": 30,
    "money": 0,
    "level_user": 1,
    "level_cache": 1
  },
  "133999003439211@lid": {
    "limit": 30,
    "money": 0,
    "level_user": 1,
    "level_cache": 15
  },
  "261293512618194@lid": {
    "limit": 30,
    "money": 0,
    "level_user": 1,
    "level_cache": 10
  }
}